file,dir,height,width,res_x,res_y,origin_x,origin_y,crs,dtype,nodata,finite_pct,role
AWC_000_005_EV_N_P_AU_NAT_C_20140801_NLUM.tif,AWC,3364,4071,0.01,-0.01,112.925,-10.015,"GEOGCS[""GDA94"",DATUM[""unnamed"",SPHEROID[",float32,,50.796,soil
AWC_005_015_EV_N_P_AU_NAT_C_20140801_NLUM.tif,AWC,3364,4071,0.01,-0.01,112.925,-10.015,"GEOGCS[""GDA94"",DATUM[""unnamed"",SPHEROID[",float32,,50.796,soil
AWC_015_030_EV_N_P_AU_NAT_C_20140801_NLUM.tif,AWC,3364,4071,0.01,-0.01,112.925,-10.015,"GEOGCS[""GDA94"",DATUM[""unnamed"",SPHEROID[",float32,,50.796,soil
AWC_030_060_EV_N_P_AU_NAT_C_20140801_NLUM.tif,AWC,3364,4071,0.01,-0.01,112.925,-10.015,"GEOGCS[""GDA94"",DATUM[""unnamed"",SPHEROID[",float32,,50.796,soil
AWC_060_100_EV_N_P_AU_NAT_C_20140801_NLUM.tif,AWC,3364,4071,0.01,-0.01,112.925,-10.015,"GEOGCS[""GDA94"",DATUM[""unnamed"",SPHEROID[",float32,,50.796,soil
AWC_100_200_EV_N_P_AU_NAT_C_20140801_NLUM.tif,AWC,3364,4071,0.01,-0.01,112.925,-10.015,"GEOGCS[""GDA94"",DATUM[""unnamed"",SPHEROID[",float32,,50.796,soil
BDW_000_005_EV_N_P_AU_NAT_C_20140801_NLUM.tif,BDW,3364,4071,0.01,-0.01,112.925,-10.015,"GEOGCS[""GDA94"",DATUM[""unnamed"",SPHEROID[",float32,,50.796,soil
BDW_005_015_EV_N_P_AU_NAT_C_20140801_NLUM.tif,BDW,3364,4071,0.01,-0.01,112.925,-10.015,"GEOGCS[""GDA94"",DATUM[""unnamed"",SPHEROID[",float32,,50.796,soil
BDW_015_030_EV_N_P_AU_NAT_C_20140801_NLUM.tif,BDW,3364,4071,0.01,-0.01,112.925,-10.015,"GEOGCS[""GDA94"",DATUM[""unnamed"",SPHEROID[",float32,,50.796,soil
BDW_030_060_EV_N_P_AU_NAT_C_20140801_NLUM.tif,BDW,3364,4071,0.01,-0.01,112.925,-10.015,"GEOGCS[""GDA94"",DATUM[""unnamed"",SPHEROID[",float32,,50.796,soil
BDW_060_100_EV_N_P_AU_NAT_C_20140801_NLUM.tif,BDW,3364,4071,0.01,-0.01,112.925,-10.015,"GEOGCS[""GDA94"",DATUM[""unnamed"",SPHEROID[",float32,,50.796,soil
BDW_100_200_EV_N_P_AU_NAT_C_20140801_NLUM.tif,BDW,3364,4071,0.01,-0.01,112.925,-10.015,"GEOGCS[""GDA94"",DATUM[""unnamed"",SPHEROID[",float32,,50.796,soil
CEC_000_005_EV_N_P_AU_TRN_N_20220826_NLUM.tif,CEC,3364,4071,0.01,-0.01,112.925,-10.015,"GEOGCS[""GDA94"",DATUM[""unnamed"",SPHEROID[",float32,,50.796,soil
CEC_005_015_EV_N_P_AU_TRN_N_20220826_NLUM.tif,CEC,3364,4071,0.01,-0.01,112.925,-10.015,"GEOGCS[""GDA94"",DATUM[""unnamed"",SPHEROID[",float32,,50.796,soil
CEC_015_030_EV_N_P_AU_TRN_N_20220826_NLUM.tif,CEC,3364,4071,0.01,-0.01,112.925,-10.015,"GEOGCS[""GDA94"",DATUM[""unnamed"",SPHEROID[",float32,,50.796,soil
CEC_030_060_EV_N_P_AU_TRN_N_20220826_NLUM.tif,CEC,3364,4071,0.01,-0.01,112.925,-10.015,"GEOGCS[""GDA94"",DATUM[""unnamed"",SPHEROID[",float32,,50.796,soil
CEC_060_100_EV_N_P_AU_TRN_N_20220826_NLUM.tif,CEC,3364,4071,0.01,-0.01,112.925,-10.015,"GEOGCS[""GDA94"",DATUM[""unnamed"",SPHEROID[",float32,,50.796,soil
CEC_100_200_EV_N_P_AU_TRN_N_20220826_NLUM.tif,CEC,3364,4071,0.01,-0.01,112.925,-10.015,"GEOGCS[""GDA94"",DATUM[""unnamed"",SPHEROID[",float32,,50.796,soil
CFG_000_005_EV_N_P_AU_TRN_N_20221006_Dominant_Class_NLUM.tif,CFG,3364,4071,0.01,-0.01,112.925,-10.015,"GEOGCS[""GDA94"",DATUM[""unnamed"",SPHEROID[",float32,,50.796,soil
CFG_005_015_EV_N_P_AU_TRN_N_20221006_Dominant_Class_NLUM.tif,CFG,3364,4071,0.01,-0.01,112.925,-10.015,"GEOGCS[""GDA94"",DATUM[""unnamed"",SPHEROID[",float32,,50.796,soil
CFG_015_030_EV_N_P_AU_TRN_N_20221006_Dominant_Class_NLUM.tif,CFG,3364,4071,0.01,-0.01,112.925,-10.015,"GEOGCS[""GDA94"",DATUM[""unnamed"",SPHEROID[",float32,,50.796,soil
CFP_000_005_EV_N_P_AU_TRN_N_20221006_CF_Class1_NLUM.tif,CFG,3364,4071,0.01,-0.01,112.925,-10.015,"GEOGCS[""GDA94"",DATUM[""unnamed"",SPHEROID[",float32,,50.796,soil
CFP_000_005_EV_N_P_AU_TRN_N_20221006_CF_Class2_NLUM.tif,CFG,3364,4071,0.01,-0.01,112.925,-10.015,"GEOGCS[""GDA94"",DATUM[""unnamed"",SPHEROID[",float32,,50.796,soil
CFP_000_005_EV_N_P_AU_TRN_N_20221006_CF_Class3_NLUM.tif,CFG,3364,4071,0.01,-0.01,112.925,-10.015,"GEOGCS[""GDA94"",DATUM[""unnamed"",SPHEROID[",float32,,50.796,soil
CFP_000_005_EV_N_P_AU_TRN_N_20221006_CF_Class4_NLUM.tif,CFG,3364,4071,0.01,-0.01,112.925,-10.015,"GEOGCS[""GDA94"",DATUM[""unnamed"",SPHEROID[",float32,,50.796,soil
CFP_000_005_EV_N_P_AU_TRN_N_20221006_CF_Class5_NLUM.tif,CFG,3364,4071,0.01,-0.01,112.925,-10.015,"GEOGCS[""GDA94"",DATUM[""unnamed"",SPHEROID[",float32,,50.796,soil
CFP_000_005_EV_N_P_AU_TRN_N_20221006_CF_Class6_NLUM.tif,CFG,3364,4071,0.01,-0.01,112.925,-10.015,"GEOGCS[""GDA94"",DATUM[""unnamed"",SPHEROID[",float32,,50.796,soil
CFP_005_015_EV_N_P_AU_TRN_N_20221006_CF_Class1_NLUM.tif,CFG,3364,4071,0.01,-0.01,112.925,-10.015,"GEOGCS[""GDA94"",DATUM[""unnamed"",SPHEROID[",float32,,50.796,soil
CFP_005_015_EV_N_P_AU_TRN_N_20221006_CF_Class2_NLUM.tif,CFG,3364,4071,0.01,-0.01,112.925,-10.015,"GEOGCS[""GDA94"",DATUM[""unnamed"",SPHEROID[",float32,,50.796,soil
CFP_005_015_EV_N_P_AU_TRN_N_20221006_CF_Class3_NLUM.tif,CFG,3364,4071,0.01,-0.01,112.925,-10.015,"GEOGCS[""GDA94"",DATUM[""unnamed"",SPHEROID[",float32,,50.796,soil
CFP_005_015_EV_N_P_AU_TRN_N_20221006_CF_Class4_NLUM.tif,CFG,3364,4071,0.01,-0.01,112.925,-10.015,"GEOGCS[""GDA94"",DATUM[""unnamed"",SPHEROID[",float32,,50.796,soil
CFP_005_015_EV_N_P_AU_TRN_N_20221006_CF_Class5_NLUM.tif,CFG,3364,4071,0.01,-0.01,112.925,-10.015,"GEOGCS[""GDA94"",DATUM[""unnamed"",SPHEROID[",float32,,50.796,soil
CFP_005_015_EV_N_P_AU_TRN_N_20221006_CF_Class6_NLUM.tif,CFG,3364,4071,0.01,-0.01,112.925,-10.015,"GEOGCS[""GDA94"",DATUM[""unnamed"",SPHEROID[",float32,,50.796,soil
CFP_015_030_EV_N_P_AU_TRN_N_20221006_CF_Class1_NLUM.tif,CFG,3364,4071,0.01,-0.01,112.925,-10.015,"GEOGCS[""GDA94"",DATUM[""unnamed"",SPHEROID[",float32,,50.796,soil
CFP_015_030_EV_N_P_AU_TRN_N_20221006_CF_Class2_NLUM.tif,CFG,3364,4071,0.01,-0.01,112.925,-10.015,"GEOGCS[""GDA94"",DATUM[""unnamed"",SPHEROID[",float32,,50.796,soil
CFP_015_030_EV_N_P_AU_TRN_N_20221006_CF_Class3_NLUM.tif,CFG,3364,4071,0.01,-0.01,112.925,-10.015,"GEOGCS[""GDA94"",DATUM[""unnamed"",SPHEROID[",float32,,50.796,soil
CFP_015_030_EV_N_P_AU_TRN_N_20221006_CF_Class4_NLUM.tif,CFG,3364,4071,0.01,-0.01,112.925,-10.015,"GEOGCS[""GDA94"",DATUM[""unnamed"",SPHEROID[",float32,,50.796,soil
CFP_015_030_EV_N_P_AU_TRN_N_20221006_CF_Class5_NLUM.tif,CFG,3364,4071,0.01,-0.01,112.925,-10.015,"GEOGCS[""GDA94"",DATUM[""unnamed"",SPHEROID[",float32,,50.796,soil
CFP_015_030_EV_N_P_AU_TRN_N_20221006_CF_Class6_NLUM.tif,CFG,3364,4071,0.01,-0.01,112.925,-10.015,"GEOGCS[""GDA94"",DATUM[""unnamed"",SPHEROID[",float32,,50.796,soil
CLY_000_005_EV_N_P_AU_TRN_N_20210902_NLUM.tif,CLY,3364,4071,0.01,-0.01,112.925,-10.015,"GEOGCS[""GDA94"",DATUM[""unnamed"",SPHEROID[",float32,,50.796,soil
CLY_005_015_EV_N_P_AU_TRN_N_20210902_NLUM.tif,CLY,3364,4071,0.01,-0.01,112.925,-10.015,"GEOGCS[""GDA94"",DATUM[""unnamed"",SPHEROID[",float32,,50.796,soil
CLY_015_030_EV_N_P_AU_TRN_N_20210902_NLUM.tif,CLY,3364,4071,0.01,-0.01,112.925,-10.015,"GEOGCS[""GDA94"",DATUM[""unnamed"",SPHEROID[",float32,,50.796,soil
CLY_030_060_EV_N_P_AU_TRN_N_20210902_NLUM.tif,CLY,3364,4071,0.01,-0.01,112.925,-10.015,"GEOGCS[""GDA94"",DATUM[""unnamed"",SPHEROID[",float32,,50.796,soil
CLY_060_100_EV_N_P_AU_TRN_N_20210902_NLUM.tif,CLY,3364,4071,0.01,-0.01,112.925,-10.015,"GEOGCS[""GDA94"",DATUM[""unnamed"",SPHEROID[",float32,,50.796,soil
CLY_100_200_EV_N_P_AU_TRN_N_20210902_NLUM.tif,CLY,3364,4071,0.01,-0.01,112.925,-10.015,"GEOGCS[""GDA94"",DATUM[""unnamed"",SPHEROID[",float32,,50.796,soil
DER_000_999_EV_N_P_AU_NAT_C_20150601_NLUM.tif,DER,3364,4071,0.01,-0.01,112.925,-10.015,"GEOGCS[""GDA94"",DATUM[""unnamed"",SPHEROID[",float32,,50.796,soil
DES_000_200_EV_N_P_AU_TRN_C_20190901_NLUM.tif,DES,3364,4071,0.01,-0.01,112.925,-10.015,"GEOGCS[""GDA94"",DATUM[""unnamed"",SPHEROID[",float32,,50.796,soil
pHc_000_005_EV_N_P_AU_NAT_C_20210913_NLUM.tif,pHc,3364,4071,0.01,-0.01,112.925,-10.015,"GEOGCS[""GDA94"",DATUM[""unnamed"",SPHEROID[",float32,,50.796,soil
pHc_005_015_EV_N_P_AU_NAT_C_20210913_NLUM.tif,pHc,3364,4071,0.01,-0.01,112.925,-10.015,"GEOGCS[""GDA94"",DATUM[""unnamed"",SPHEROID[",float32,,50.796,soil
pHc_015_030_EV_N_P_AU_NAT_C_20210913_NLUM.tif,pHc,3364,4071,0.01,-0.01,112.925,-10.015,"GEOGCS[""GDA94"",DATUM[""unnamed"",SPHEROID[",float32,,50.796,soil
pHc_030_060_EV_N_P_AU_NAT_C_20210913_NLUM.tif,pHc,3364,4071,0.01,-0.01,112.925,-10.015,"GEOGCS[""GDA94"",DATUM[""unnamed"",SPHEROID[",float32,,50.796,soil
pHc_060_100_EV_N_P_AU_NAT_C_20210913_NLUM.tif,pHc,3364,4071,0.01,-0.01,112.925,-10.015,"GEOGCS[""GDA94"",DATUM[""unnamed"",SPHEROID[",float32,,50.796,soil
pHc_100_200_EV_N_P_AU_NAT_C_20210913_NLUM.tif,pHc,3364,4071,0.01,-0.01,112.925,-10.015,"GEOGCS[""GDA94"",DATUM[""unnamed"",SPHEROID[",float32,,50.796,soil
SLT_000_005_EV_N_P_AU_TRN_N_20210902_NLUM.tif,SLT,3364,4071,0.01,-0.01,112.925,-10.015,"GEOGCS[""GDA94"",DATUM[""unnamed"",SPHEROID[",float32,,50.796,soil
SLT_005_015_EV_N_P_AU_TRN_N_20210902_NLUM.tif,SLT,3364,4071,0.01,-0.01,112.925,-10.015,"GEOGCS[""GDA94"",DATUM[""unnamed"",SPHEROID[",float32,,50.796,soil
SLT_015_030_EV_N_P_AU_TRN_N_20210902_NLUM.tif,SLT,3364,4071,0.01,-0.01,112.925,-10.015,"GEOGCS[""GDA94"",DATUM[""unnamed"",SPHEROID[",float32,,50.796,soil
SLT_030_060_EV_N_P_AU_TRN_N_20210902_NLUM.tif,SLT,3364,4071,0.01,-0.01,112.925,-10.015,"GEOGCS[""GDA94"",DATUM[""unnamed"",SPHEROID[",float32,,50.796,soil
SLT_060_100_EV_N_P_AU_TRN_N_20210902_NLUM.tif,SLT,3364,4071,0.01,-0.01,112.925,-10.015,"GEOGCS[""GDA94"",DATUM[""unnamed"",SPHEROID[",float32,,50.796,soil
SLT_100_200_EV_N_P_AU_TRN_N_20210902_NLUM.tif,SLT,3364,4071,0.01,-0.01,112.925,-10.015,"GEOGCS[""GDA94"",DATUM[""unnamed"",SPHEROID[",float32,,50.796,soil
SND_000_005_EV_N_P_AU_TRN_N_20210902_NLUM.tif,SND,3364,4071,0.01,-0.01,112.925,-10.015,"GEOGCS[""GDA94"",DATUM[""unnamed"",SPHEROID[",float32,,50.796,soil
SND_005_015_EV_N_P_AU_TRN_N_20210902_NLUM.tif,SND,3364,4071,0.01,-0.01,112.925,-10.015,"GEOGCS[""GDA94"",DATUM[""unnamed"",SPHEROID[",float32,,50.796,soil
SND_015_030_EV_N_P_AU_TRN_N_20210902_NLUM.tif,SND,3364,4071,0.01,-0.01,112.925,-10.015,"GEOGCS[""GDA94"",DATUM[""unnamed"",SPHEROID[",float32,,50.796,soil
SND_030_060_EV_N_P_AU_TRN_N_20210902_NLUM.tif,SND,3364,4071,0.01,-0.01,112.925,-10.015,"GEOGCS[""GDA94"",DATUM[""unnamed"",SPHEROID[",float32,,50.796,soil
SND_060_100_EV_N_P_AU_TRN_N_20210902_NLUM.tif,SND,3364,4071,0.01,-0.01,112.925,-10.015,"GEOGCS[""GDA94"",DATUM[""unnamed"",SPHEROID[",float32,,50.796,soil
SND_100_200_EV_N_P_AU_TRN_N_20210902_NLUM.tif,SND,3364,4071,0.01,-0.01,112.925,-10.015,"GEOGCS[""GDA94"",DATUM[""unnamed"",SPHEROID[",float32,,50.796,soil
SOC_000_005_EV_N_P_AU_NAT_N_20220727_NLUM.tif,SOC,3364,4071,0.01,-0.01,112.925,-10.015,"GEOGCS[""GDA94"",DATUM[""unnamed"",SPHEROID[",float32,,50.796,soil
SOC_005_015_EV_N_P_AU_NAT_N_20220727_NLUM.tif,SOC,3364,4071,0.01,-0.01,112.925,-10.015,"GEOGCS[""GDA94"",DATUM[""unnamed"",SPHEROID[",float32,,50.796,soil
SOC_015_030_EV_N_P_AU_NAT_N_20220727_NLUM.tif,SOC,3364,4071,0.01,-0.01,112.925,-10.015,"GEOGCS[""GDA94"",DATUM[""unnamed"",SPHEROID[",float32,,50.796,soil
SOC_030_060_EV_N_P_AU_NAT_N_20220727_NLUM.tif,SOC,3364,4071,0.01,-0.01,112.925,-10.015,"GEOGCS[""GDA94"",DATUM[""unnamed"",SPHEROID[",float32,,50.796,soil
SOC_060_100_EV_N_P_AU_NAT_N_20220727_NLUM.tif,SOC,3364,4071,0.01,-0.01,112.925,-10.015,"GEOGCS[""GDA94"",DATUM[""unnamed"",SPHEROID[",float32,,50.796,soil
SOC_100_200_EV_N_P_AU_NAT_N_20220727_NLUM.tif,SOC,3364,4071,0.01,-0.01,112.925,-10.015,"GEOGCS[""GDA94"",DATUM[""unnamed"",SPHEROID[",float32,,50.796,soil
NTO_000_005_EV_N_P_AU_NAT_C_20231101.tif,soil_N,3364,4071,0.01,-0.01,112.925,-10.015,"GEOGCS[""GDA94"",DATUM[""unnamed"",SPHEROID[",float32,,50.796,soil
NTO_005_015_EV_N_P_AU_NAT_C_20231101.tif,soil_N,3364,4071,0.01,-0.01,112.925,-10.015,"GEOGCS[""GDA94"",DATUM[""unnamed"",SPHEROID[",float32,,50.796,soil
NTO_015_030_EV_N_P_AU_NAT_C_20231101.tif,soil_N,3364,4071,0.01,-0.01,112.925,-10.015,"GEOGCS[""GDA94"",DATUM[""unnamed"",SPHEROID[",float32,,50.796,soil
NTO_030_060_EV_N_P_AU_NAT_C_20231101.tif,soil_N,3364,4071,0.01,-0.01,112.925,-10.015,"GEOGCS[""GDA94"",DATUM[""unnamed"",SPHEROID[",float32,,50.796,soil
NTO_060_100_EV_N_P_AU_NAT_C_20231101.tif,soil_N,3364,4071,0.01,-0.01,112.925,-10.015,"GEOGCS[""GDA94"",DATUM[""unnamed"",SPHEROID[",float32,,50.796,soil
NTO_100_200_EV_N_P_AU_NAT_C_20231101.tif,soil_N,3364,4071,0.01,-0.01,112.925,-10.015,"GEOGCS[""GDA94"",DATUM[""unnamed"",SPHEROID[",float32,,50.796,soil
Phos_000_005_EV_N_P_AU_NAT_C_20140801.tif,soil_P,3364,4071,0.01,-0.01,112.925,-10.015,"GEOGCS[""GDA94"",DATUM[""unnamed"",SPHEROID[",float32,,50.796,soil
Phos_005_015_EV_N_P_AU_NAT_C_20140801.tif,soil_P,3364,4071,0.01,-0.01,112.925,-10.015,"GEOGCS[""GDA94"",DATUM[""unnamed"",SPHEROID[",float32,,50.796,soil
Phos_015_030_EV_N_P_AU_NAT_C_20140801.tif,soil_P,3364,4071,0.01,-0.01,112.925,-10.015,"GEOGCS[""GDA94"",DATUM[""unnamed"",SPHEROID[",float32,,50.796,soil
Phos_030_060_EV_N_P_AU_NAT_C_20140801.tif,soil_P,3364,4071,0.01,-0.01,112.925,-10.015,"GEOGCS[""GDA94"",DATUM[""unnamed"",SPHEROID[",float32,,50.796,soil
Phos_060_100_EV_N_P_AU_NAT_C_20140801.tif,soil_P,3364,4071,0.01,-0.01,112.925,-10.015,"GEOGCS[""GDA94"",DATUM[""unnamed"",SPHEROID[",float32,,50.796,soil
Phos_100_200_EV_N_P_AU_NAT_C_20140801.tif,soil_P,3364,4071,0.01,-0.01,112.925,-10.015,"GEOGCS[""GDA94"",DATUM[""unnamed"",SPHEROID[",float32,,50.796,soil
fpi_1970.tif,fpi,3364,4071,0.01,-0.01,112.925,-10.015,"GEOGCS[""GDA94"",DATUM[""unnamed"",SPHEROID[",float32,,50.796,fpi
fpi_1971.tif,fpi,3364,4071,0.01,-0.01,112.925,-10.015,"GEOGCS[""GDA94"",DATUM[""unnamed"",SPHEROID[",float32,,50.796,fpi
fpi_1972.tif,fpi,3364,4071,0.01,-0.01,112.925,-10.015,"GEOGCS[""GDA94"",DATUM[""unnamed"",SPHEROID[",float32,,50.796,fpi
fpi_1973.tif,fpi,3364,4071,0.01,-0.01,112.925,-10.015,"GEOGCS[""GDA94"",DATUM[""unnamed"",SPHEROID[",float32,,50.796,fpi
fpi_1974.tif,fpi,3364,4071,0.01,-0.01,112.925,-10.015,"GEOGCS[""GDA94"",DATUM[""unnamed"",SPHEROID[",float32,,50.796,fpi
fpi_1975.tif,fpi,3364,4071,0.01,-0.01,112.925,-10.015,"GEOGCS[""GDA94"",DATUM[""unnamed"",SPHEROID[",float32,,50.796,fpi
fpi_1976.tif,fpi,3364,4071,0.01,-0.01,112.925,-10.015,"GEOGCS[""GDA94"",DATUM[""unnamed"",SPHEROID[",float32,,50.796,fpi
fpi_1977.tif,fpi,3364,4071,0.01,-0.01,112.925,-10.015,"GEOGCS[""GDA94"",DATUM[""unnamed"",SPHEROID[",float32,,50.796,fpi
fpi_1978.tif,fpi,3364,4071,0.01,-0.01,112.925,-10.015,"GEOGCS[""GDA94"",DATUM[""unnamed"",SPHEROID[",float32,,50.796,fpi
fpi_1979.tif,fpi,3364,4071,0.01,-0.01,112.925,-10.015,"GEOGCS[""GDA94"",DATUM[""unnamed"",SPHEROID[",float32,,50.796,fpi
fpi_1980.tif,fpi,3364,4071,0.01,-0.01,112.925,-10.015,"GEOGCS[""GDA94"",DATUM[""unnamed"",SPHEROID[",float32,,50.796,fpi
fpi_1981.tif,fpi,3364,4071,0.01,-0.01,112.925,-10.015,"GEOGCS[""GDA94"",DATUM[""unnamed"",SPHEROID[",float32,,50.796,fpi
fpi_1982.tif,fpi,3364,4071,0.01,-0.01,112.925,-10.015,"GEOGCS[""GDA94"",DATUM[""unnamed"",SPHEROID[",float32,,50.796,fpi
fpi_1983.tif,fpi,3364,4071,0.01,-0.01,112.925,-10.015,"GEOGCS[""GDA94"",DATUM[""unnamed"",SPHEROID[",float32,,50.796,fpi
fpi_1984.tif,fpi,3364,4071,0.01,-0.01,112.925,-10.015,"GEOGCS[""GDA94"",DATUM[""unnamed"",SPHEROID[",float32,,50.796,fpi
fpi_1985.tif,fpi,3364,4071,0.01,-0.01,112.925,-10.015,"GEOGCS[""GDA94"",DATUM[""unnamed"",SPHEROID[",float32,,50.796,fpi
fpi_1986.tif,fpi,3364,4071,0.01,-0.01,112.925,-10.015,"GEOGCS[""GDA94"",DATUM[""unnamed"",SPHEROID[",float32,,50.796,fpi
fpi_1987.tif,fpi,3364,4071,0.01,-0.01,112.925,-10.015,"GEOGCS[""GDA94"",DATUM[""unnamed"",SPHEROID[",float32,,50.796,fpi
fpi_1988.tif,fpi,3364,4071,0.01,-0.01,112.925,-10.015,"GEOGCS[""GDA94"",DATUM[""unnamed"",SPHEROID[",float32,,50.796,fpi
fpi_1989.tif,fpi,3364,4071,0.01,-0.01,112.925,-10.015,"GEOGCS[""GDA94"",DATUM[""unnamed"",SPHEROID[",float32,,50.796,fpi
fpi_1990.tif,fpi,3364,4071,0.01,-0.01,112.925,-10.015,"GEOGCS[""GDA94"",DATUM[""unnamed"",SPHEROID[",float32,,50.796,fpi
fpi_1991.tif,fpi,3364,4071,0.01,-0.01,112.925,-10.015,"GEOGCS[""GDA94"",DATUM[""unnamed"",SPHEROID[",float32,,50.796,fpi
fpi_1992.tif,fpi,3364,4071,0.01,-0.01,112.925,-10.015,"GEOGCS[""GDA94"",DATUM[""unnamed"",SPHEROID[",float32,,50.796,fpi
fpi_1993.tif,fpi,3364,4071,0.01,-0.01,112.925,-10.015,"GEOGCS[""GDA94"",DATUM[""unnamed"",SPHEROID[",float32,,50.796,fpi
fpi_1994.tif,fpi,3364,4071,0.01,-0.01,112.925,-10.015,"GEOGCS[""GDA94"",DATUM[""unnamed"",SPHEROID[",float32,,50.796,fpi
fpi_1995.tif,fpi,3364,4071,0.01,-0.01,112.925,-10.015,"GEOGCS[""GDA94"",DATUM[""unnamed"",SPHEROID[",float32,,50.796,fpi
fpi_1996.tif,fpi,3364,4071,0.01,-0.01,112.925,-10.015,"GEOGCS[""GDA94"",DATUM[""unnamed"",SPHEROID[",float32,,50.796,fpi
fpi_1997.tif,fpi,3364,4071,0.01,-0.01,112.925,-10.015,"GEOGCS[""GDA94"",DATUM[""unnamed"",SPHEROID[",float32,,50.796,fpi
fpi_1998.tif,fpi,3364,4071,0.01,-0.01,112.925,-10.015,"GEOGCS[""GDA94"",DATUM[""unnamed"",SPHEROID[",float32,,50.796,fpi
fpi_1999.tif,fpi,3364,4071,0.01,-0.01,112.925,-10.015,"GEOGCS[""GDA94"",DATUM[""unnamed"",SPHEROID[",float32,,50.796,fpi
fpi_2000.tif,fpi,3364,4071,0.01,-0.01,112.925,-10.015,"GEOGCS[""GDA94"",DATUM[""unnamed"",SPHEROID[",float32,,50.796,fpi
fpi_2001.tif,fpi,3364,4071,0.01,-0.01,112.925,-10.015,"GEOGCS[""GDA94"",DATUM[""unnamed"",SPHEROID[",float32,,50.796,fpi
fpi_2002.tif,fpi,3364,4071,0.01,-0.01,112.925,-10.015,"GEOGCS[""GDA94"",DATUM[""unnamed"",SPHEROID[",float32,,50.796,fpi
fpi_2003.tif,fpi,3364,4071,0.01,-0.01,112.925,-10.015,"GEOGCS[""GDA94"",DATUM[""unnamed"",SPHEROID[",float32,,50.796,fpi
fpi_2004.tif,fpi,3364,4071,0.01,-0.01,112.925,-10.015,"GEOGCS[""GDA94"",DATUM[""unnamed"",SPHEROID[",float32,,50.796,fpi
fpi_2005.tif,fpi,3364,4071,0.01,-0.01,112.925,-10.015,"GEOGCS[""GDA94"",DATUM[""unnamed"",SPHEROID[",float32,,50.796,fpi
fpi_2006.tif,fpi,3364,4071,0.01,-0.01,112.925,-10.015,"GEOGCS[""GDA94"",DATUM[""unnamed"",SPHEROID[",float32,,50.796,fpi
fpi_2007.tif,fpi,3364,4071,0.01,-0.01,112.925,-10.015,"GEOGCS[""GDA94"",DATUM[""unnamed"",SPHEROID[",float32,,50.796,fpi
fpi_2008.tif,fpi,3364,4071,0.01,-0.01,112.925,-10.015,"GEOGCS[""GDA94"",DATUM[""unnamed"",SPHEROID[",float32,,50.796,fpi
fpi_2009.tif,fpi,3364,4071,0.01,-0.01,112.925,-10.015,"GEOGCS[""GDA94"",DATUM[""unnamed"",SPHEROID[",float32,,50.796,fpi
fpi_2010.tif,fpi,3364,4071,0.01,-0.01,112.925,-10.015,"GEOGCS[""GDA94"",DATUM[""unnamed"",SPHEROID[",float32,,50.796,fpi
fpi_2011.tif,fpi,3364,4071,0.01,-0.01,112.925,-10.015,"GEOGCS[""GDA94"",DATUM[""unnamed"",SPHEROID[",float32,,50.796,fpi
fpi_2012.tif,fpi,3364,4071,0.01,-0.01,112.925,-10.015,"GEOGCS[""GDA94"",DATUM[""unnamed"",SPHEROID[",float32,,50.796,fpi
fpi_2013.tif,fpi,3364,4071,0.01,-0.01,112.925,-10.015,"GEOGCS[""GDA94"",DATUM[""unnamed"",SPHEROID[",float32,,50.796,fpi
fpi_2014.tif,fpi,3364,4071,0.01,-0.01,112.925,-10.015,"GEOGCS[""GDA94"",DATUM[""unnamed"",SPHEROID[",float32,,50.796,fpi
fpi_2015.tif,fpi,3364,4071,0.01,-0.01,112.925,-10.015,"GEOGCS[""GDA94"",DATUM[""unnamed"",SPHEROID[",float32,,50.796,fpi
fpi_2016.tif,fpi,3364,4071,0.01,-0.01,112.925,-10.015,"GEOGCS[""GDA94"",DATUM[""unnamed"",SPHEROID[",float32,,50.796,fpi
fpi_2017.tif,fpi,3364,4071,0.01,-0.01,112.925,-10.015,"GEOGCS[""GDA94"",DATUM[""unnamed"",SPHEROID[",float32,,50.796,fpi
fpi_2018.tif,fpi,3364,4071,0.01,-0.01,112.925,-10.015,"GEOGCS[""GDA94"",DATUM[""unnamed"",SPHEROID[",float32,,50.796,fpi
fpi_2019.tif,fpi,3364,4071,0.01,-0.01,112.925,-10.015,"GEOGCS[""GDA94"",DATUM[""unnamed"",SPHEROID[",float32,,50.796,fpi
fpi_2020.tif,fpi,3364,4071,0.01,-0.01,112.925,-10.015,"GEOGCS[""GDA94"",DATUM[""unnamed"",SPHEROID[",float32,,50.796,fpi
fpi_2021.tif,fpi,3364,4071,0.01,-0.01,112.925,-10.015,"GEOGCS[""GDA94"",DATUM[""unnamed"",SPHEROID[",float32,,50.796,fpi
fpi_2022.tif,fpi,3364,4071,0.01,-0.01,112.925,-10.015,"GEOGCS[""GDA94"",DATUM[""unnamed"",SPHEROID[",float32,,50.796,fpi
