feature,importance,kind
SOC_000_005_NAT_N_20220727,0.1679862422480515,soil
hurs_ann,0.13303921943530497,climate
pr_ann,0.10423148630048197,climate
hursmin_ann,0.07731076982452904,climate
hurs_m11,0.06845376076172963,climate
SOC_015_030_NAT_N_20220727,0.05241445362355662,soil
hursmax_ann,0.04844920626855266,climate
BDW_000_005_NAT_C_20140801,0.031646369865675365,soil
hurs_m03,0.020748398366450913,climate
SOC_005_015_NAT_N_20220727,0.016826071077325328,soil
BDW_005_015_NAT_C_20140801,0.014315480143956021,soil
hursmax_m03,0.01341871416124934,climate
hursmin_m03,0.011645210781583787,climate
SLT_100_200_TRN_N_20210902,0.011071100817694725,soil
hurs_m12,0.007341022882724266,climate
hursmax_m11,0.0071198678027604104,climate
hursmax_m02,0.007048573416888812,climate
pHc_060_100_NAT_C_20210913,0.006026929218876361,soil
pHc_030_060_NAT_C_20210913,0.0054976558540247265,soil
SND_000_005_TRN_N_20210902,0.005290068345624052,soil
hurs_m02,0.0049207768155842945,climate
SND_005_015_TRN_N_20210902,0.004660328161467744,soil
pHc_100_200_NAT_C_20210913,0.004565458785179113,soil
hursmin_m11,0.004506189992588102,climate
hursmin_m02,0.004380267023175771,climate
SND_100_200_TRN_N_20210902,0.004288199346675729,soil
pr_m11,0.004136408607127565,climate
hursmin_m01,0.003974433091451533,climate
hurs_m01,0.003741529627681383,climate
hursmin_m12,0.003677893376408996,climate
CLY_060_100_TRN_N_20210902,0.0035603347726605675,soil
hursmin_m10,0.003082301287319765,climate
BDW_030_060_NAT_C_20140801,0.0029891532900159653,soil
SLT_000_005_TRN_N_20210902,0.002683229459625077,soil
SND_060_100_TRN_N_20210902,0.0026713622615333454,soil
tasmin_ann,0.0025058572131247668,climate
rsds_ann,0.00250058184228667,climate
pr_m10,0.0024833223513573443,climate
hurs_m10,0.0024354407698614815,climate
SLT_005_015_TRN_N_20210902,0.002221432912245268,soil
NTO_000_005_NAT_C_20231101,0.002169117770309037,soil
SND_015_030_TRN_N_20210902,0.002165721922837924,soil
tasmin_m10,0.002127787246431464,climate
CLY_100_200_TRN_N_20210902,0.00208492509003727,soil
hursmin_m04,0.002011570438907752,climate
tasmin_m09,0.0019365701154658978,climate
Phos_005_015_NAT_C_20140801,0.0018891693548728362,soil
pHc_000_005_NAT_C_20210913,0.0018293619341593515,soil
tasmin_m01,0.001764896072996767,climate
pHc_005_015_NAT_C_20210913,0.0017366744154146507,soil
hurs_m04,0.0017290986001122191,climate
pr_m02,0.0017067313509564882,climate
Phos_000_005_NAT_C_20140801,0.0016672765935266962,soil
tasmin_m08,0.0016648147320742713,climate
CLY_030_060_TRN_N_20210902,0.001645090699879012,soil
SND_030_060_TRN_N_20210902,0.0015675930242355152,soil
rsds_m01,0.0015642331290020425,climate
pr_m12,0.0015149256718810348,climate
tasmin_m06,0.0015089534296102056,climate
pr_m09,0.0014659360516771408,climate
tasmin_m12,0.0014597531015981028,climate
rsds_m05,0.0014142511213461322,climate
pr_m04,0.0013983991932670114,climate
pHc_015_030_NAT_C_20210913,0.001381328869325086,soil
rsds_m06,0.0013604620090997,climate
pr_m03,0.0012870332192124842,climate
hursmax_m01,0.001285872704948141,climate
rsds_m07,0.001284992409745568,climate
rsds_m11,0.0012733698913437108,climate
rsds_m08,0.0012371358443062782,climate
CFP_015_030_TRN_N_20221006_CF_Class5,0.001222181648278755,soil
tasmin_m07,0.0012068940239146984,climate
pr_m01,0.001196969418911476,climate
rsds_m12,0.0011924157396783087,climate
BDW_100_200_NAT_C_20140801,0.0011794135123773472,soil
hursmin_m09,0.0011650888435070829,climate
CLY_005_015_TRN_N_20210902,0.0011475223768047632,soil
tasmax_m08,0.0011023286490219073,climate
tasmin_m02,0.0010810012820993717,climate
tasmax_m07,0.001027362234592146,climate
tasmin_m11,0.0010205514303779442,climate
SOC_100_200_NAT_N_20220727,0.001016369608190907,soil
tasmin_m03,0.0010096660977501205,climate
Phos_015_030_NAT_C_20140801,0.0010042999251706802,soil
rsds_m03,0.0009826946145611263,climate
hursmax_m10,0.0009558597742340915,climate
BDW_015_030_NAT_C_20140801,0.0009339680427148358,soil
pr_m08,0.0009249726812170993,climate
CLY_000_005_TRN_N_20210902,0.0009196990328084779,soil
CLY_015_030_TRN_N_20210902,0.0009078852125257961,soil
hurs_m09,0.0008896339846935159,climate
rsds_m09,0.0008781786530166213,climate
Phos_060_100_NAT_C_20140801,0.0008767479690154527,soil
CFP_015_030_TRN_N_20221006_CF_Class2,0.0008666384746261756,soil
rsds_m02,0.0008475722556839904,climate
CFP_000_005_TRN_N_20221006_CF_Class5,0.0008416595253491977,soil
tasmax_m11,0.0008375396484565881,climate
SOC_030_060_NAT_N_20220727,0.0008298929908617584,soil
rsds_m10,0.0008221905720764638,climate
hursmin_m08,0.0008195771715521952,climate
BDW_060_100_NAT_C_20140801,0.0008163569897729306,soil
NTO_100_200_NAT_C_20231101,0.0008100830088235145,soil
Phos_030_060_NAT_C_20140801,0.0008082361480717707,soil
hursmin_m05,0.0008044692483843578,climate
hursmin_m07,0.0008018121728005415,climate
rsds_m04,0.0007965735362901955,climate
hursmin_m06,0.0007776030889790674,climate
pr_m07,0.0007772533147808925,climate
pr_m05,0.0007738737092932334,climate
tasmin_m05,0.0007609001780095297,climate
NTO_005_015_NAT_C_20231101,0.0007539982589756478,soil
tasmin_m04,0.0007485720459587347,climate
SLT_015_030_TRN_N_20210902,0.0007455852763310469,soil
hurs_m05,0.0007367306015992827,climate
tasmax_m06,0.0007165474660319653,climate
hurs_m07,0.0007162629313712199,climate
SOC_060_100_NAT_N_20220727,0.000714489038272781,soil
tasmax_m05,0.000713606133373526,climate
CEC_000_005_TRN_N_20220826,0.0007114603713767383,soil
tasmax_m03,0.0006944752787290457,climate
NTO_060_100_NAT_C_20231101,0.0006943311221209826,soil
tasmax_ann,0.0006777047774719001,climate
tasmax_m01,0.0006695422826771258,climate
hursmax_m04,0.0006629247110389326,climate
tasmax_m09,0.0006603397432162839,climate
pr_m06,0.0006520646445823631,climate
hurs_m08,0.0006501924730430614,climate
hursmax_m12,0.0006406594061684985,climate
CFP_000_005_TRN_N_20221006_CF_Class2,0.0006380634987859927,soil
SLT_030_060_TRN_N_20210902,0.0006304567344986812,soil
SLT_060_100_TRN_N_20210902,0.0006239806364792838,soil
NTO_015_030_NAT_C_20231101,0.0006235617954371895,soil
Phos_100_200_NAT_C_20140801,0.0006226347091172579,soil
CFP_005_015_TRN_N_20221006_CF_Class2,0.0006131679331976813,soil
tasmax_m04,0.0006118633574239844,climate
DES_000_200_TRN_C_20190901,0.0006089098816630076,soil
CFP_005_015_TRN_N_20221006_CF_Class5,0.0006046219420764903,soil
tasmax_m10,0.0006034442665717935,climate
hurs_m06,0.0005945902585556195,climate
tasmax_m02,0.0005914667603873281,climate
DER_000_999_NAT_C_20150601,0.0005752730661326698,soil
hursmax_m09,0.0005560665804402743,climate
hursmax_m08,0.0005446315706093241,climate
tasmax_m12,0.0005430934798612467,climate
CFP_005_015_TRN_N_20221006_CF_Class4,0.0005246029420971637,soil
NTO_030_060_NAT_C_20231101,0.000511454693613042,soil
CEC_005_015_TRN_N_20220826,0.000504165297088644,soil
CFP_000_005_TRN_N_20221006_CF_Class3,0.0004968763196449728,soil
hursmax_m07,0.000490900458354826,climate
hursmax_m05,0.0004872462000891691,climate
CEC_100_200_TRN_N_20220826,0.00048242910204837185,soil
CFP_015_030_TRN_N_20221006_CF_Class3,0.0004776813487991294,soil
CFP_005_015_TRN_N_20221006_CF_Class3,0.0004726286368073256,soil
hursmax_m06,0.00046250600745683426,climate
CFP_015_030_TRN_N_20221006_CF_Class1,0.00045725371489341765,soil
CFP_005_015_TRN_N_20221006_CF_Class1,0.00042797056834892295,soil
CFP_000_005_TRN_N_20221006_CF_Class4,0.00042364421128399967,soil
CFP_000_005_TRN_N_20221006_CF_Class1,0.0004186108741315649,soil
CEC_015_030_TRN_N_20220826,0.0004120397403599781,soil
CFP_015_030_TRN_N_20221006_CF_Class4,0.0004020137768836719,soil
CEC_030_060_TRN_N_20220826,0.00039279303911380736,soil
AWC_100_200_NAT_C_20140801,0.0003921966593107933,soil
AWC_000_005_NAT_C_20140801,0.0003746548157653819,soil
CFP_005_015_TRN_N_20221006_CF_Class6,0.0003652659994851011,soil
CEC_060_100_TRN_N_20220826,0.000354962110833932,soil
AWC_060_100_NAT_C_20140801,0.00034971963981076005,soil
CFP_015_030_TRN_N_20221006_CF_Class6,0.00033912628908669217,soil
AWC_005_015_NAT_C_20140801,0.00032133868737166155,soil
AWC_030_060_NAT_C_20140801,0.0003115411932109248,soil
AWC_015_030_NAT_C_20140801,0.00030311870197680346,soil
CFP_000_005_TRN_N_20221006_CF_Class6,0.00021340678813574883,soil
CFG_015_030_TRN_N_20221006_Dominant_Class,2.005589162024974e-05,soil
CFG_005_015_TRN_N_20221006_Dominant_Class,1.8034873280861355e-05,soil
CFG_000_005_TRN_N_20221006_Dominant_Class,1.43634032537311e-05,soil
