group,ssp,window,series,stat,value,source
"1985-2014
baseline",baseline,1985-2014,M',median,20.432025909423828,New_M_2019_NLUM.tif
"SSP1-2.6
2035-2064",ssp126,2035-2064,M',median,19.50124740600586,maxAbgMF_from_mean_fpi_ssp126_2035-2064.tif
"SSP2-4.5
2035-2064",ssp245,2035-2064,M',median,17.623994827270508,maxAbgMF_from_mean_fpi_ssp245_2035-2064.tif
"SSP3-7.0
2035-2064",ssp370,2035-2064,M',median,19.185386657714844,maxAbgMF_from_mean_fpi_ssp370_2035-2064.tif
"SSP5-8.5
2035-2064",ssp585,2035-2064,M',median,20.093050003051758,maxAbgMF_from_mean_fpi_ssp585_2035-2064.tif
"SSP1-2.6
2070-2099",ssp126,2070-2099,M',median,16.962261199951172,maxAbgMF_from_mean_fpi_ssp126_2070-2099.tif
"SSP2-4.5
2070-2099",ssp245,2070-2099,M',median,19.202409744262695,maxAbgMF_from_mean_fpi_ssp245_2070-2099.tif
"SSP3-7.0
2070-2099",ssp370,2070-2099,M',median,15.420231819152832,maxAbgMF_from_mean_fpi_ssp370_2070-2099.tif
"SSP5-8.5
2070-2099",ssp585,2070-2099,M',median,15.533135414123535,maxAbgMF_from_mean_fpi_ssp585_2070-2099.tif
