row,col,observed_2020_2022,ssp126,ssp245,ssp370,ssp585
2028,2642,3.1310117,2.4802747,2.2316434,2.5955055,2.504737
2132,888,2.3103068,2.189356,2.2090983,2.6448126,2.1862264
1561,640,2.7718537,2.557163,2.5866358,2.5752895,2.5852766
1910,3350,4.927599,3.5244877,3.5927262,3.5071757,2.7647479
1368,1225,2.6096458,2.2204351,2.6560874,2.2275617,2.22719
1181,1551,2.5979102,2.4304407,2.6449172,2.4440753,2.6429508
2225,2830,3.6864681,2.5982537,2.559873,2.5413842,2.449834
770,1148,3.78074,3.22536,3.5134513,3.5015986,3.2312927
1074,2350,2.5816739,2.502068,2.5070639,2.4692776,2.5364466
1472,3851,9.0660715,9.3783045,10.679485,9.320917,9.53921
1823,422,2.3037033,2.4800193,2.4474685,2.4347775,2.4743385
2431,3796,15.494912,15.168883,15.58093,15.312065,15.357531
857,1893,3.0211356,3.2476265,3.3382487,3.4492025,3.4086792
1251,1765,2.3364878,2.3758852,2.4064686,2.3818567,2.3913627
2083,3586,11.04235,6.5821934,6.7304764,6.6531944,6.699225
1699,3236,4.157242,3.6911824,3.7196615,3.8780766,3.8038201
2221,428,3.375769,3.8029962,3.7869961,3.6076381,3.71662
514,1920,5.6587067,4.8595614,4.9667554,4.479807,4.816224
1259,445,3.4259179,2.971435,3.0301018,2.958611,2.9886427
375,2860,7.082867,6.6467295,6.8913097,6.838014,6.8155437
603,1893,6.02351,4.041682,4.177228,4.0082,4.0537295
2183,285,6.1014504,5.779002,5.2106633,5.8161745,5.032432
1981,1592,1.5570391,1.4682229,1.5018864,1.4847057,1.5090271
2216,408,4.697268,4.8121543,4.8092494,4.5491905,4.722097
2592,3558,8.489846,8.797603,8.738416,8.877165,8.967839
1760,3401,4.647767,3.8399937,3.710955,3.736858,3.7480702
1489,3349,6.363098,5.214967,5.235011,4.7343655,4.945382
1344,188,3.70043,2.7661586,2.7292955,2.7377193,2.827798
839,1054,3.3992014,3.1335301,3.1165168,3.1910594,3.1392443
2380,2276,7.6562867,4.9331617,5.1259575,4.826566,5.047858
2383,548,5.203083,4.562075,4.675114,4.201913,4.5488625
1670,1532,2.5886023,2.214215,2.2023127,2.1658008,2.260261
1596,376,2.8273182,2.213712,2.2602484,2.2443404,2.2328668
380,2069,5.555546,4.814818,4.73425,4.6829624,4.810396
776,2415,3.6740134,3.842063,4.153511,4.0351114,4.1684833
2684,2749,6.3582935,6.019151,6.0786877,5.6689224,5.8224044
1496,2985,2.9705846,2.694743,2.7319496,2.734527,2.8760147
1934,1911,1.965201,1.7848874,1.7589804,1.7651298,1.8767849
1172,1609,2.653445,2.6518457,2.7582603,2.408164,2.6268563
2093,1559,1.7129036,1.8597798,1.869998,1.8090745,1.8511668
1466,3194,5.929722,4.604928,4.6280365,4.638364,4.634006
2086,3396,6.2526326,4.1044292,4.3260436,4.321875,3.7055924
570,2308,5.228377,3.3734145,3.2997236,3.2651165,3.331665
2662,3647,10.403485,10.83053,11.180092,10.924086,10.770957
1237,3068,5.0409374,3.049661,3.1010706,2.899596,3.0835714
1878,3026,2.7477448,2.7071006,2.6531944,2.612658,2.6372068
2332,3632,10.366197,9.288533,8.965986,8.951797,8.485555
339,1831,7.375116,4.864111,4.881165,4.8445287,4.939769
1607,2157,2.4439619,2.16164,2.1317122,2.0954485,2.3351915
1519,1977,3.1154354,2.6716046,2.4733167,2.5655456,2.6855874
1608,1131,2.3504765,2.1116135,2.0665078,2.0715585,2.1399841
476,1699,6.235393,3.3803072,3.382283,3.3174,3.4275799
1622,712,2.095363,2.5201883,2.630269,2.602213,2.6264684
2547,3104,7.1903496,4.629632,4.62836,4.631313,4.645398
1530,3029,3.5157607,2.2779355,2.3685777,2.35025,2.3576822
1426,3811,9.354016,9.993064,10.198285,10.284784,10.098455
1335,1506,2.7286005,2.26135,2.2502282,2.253242,2.2084374
2357,2940,4.113794,2.0832691,2.124743,2.06602,2.0541356
793,3169,6.268269,6.382942,5.9159813,5.859181,5.853269
468,2050,4.654041,3.314972,3.3185163,3.2856894,3.315919
381,1805,9.299661,7.277012,4.835668,7.0750914,7.0550013
1472,854,2.34468,2.2418625,2.0643718,2.1368263,2.068639
1899,3954,15.598598,12.154135,12.259967,12.566527,12.091344
290,2989,8.111062,6.7237945,6.895411,6.7750964,6.74103
1914,2435,2.1999753,1.5067548,1.4980135,1.4620187,1.4608282
2615,2976,5.177236,4.7331157,4.725601,4.713866,4.949152
1006,2852,4.8018074,3.0958025,3.159562,3.059928,3.2471082
508,1361,7.0342293,5.26254,5.269822,5.0164557,5.560733
1648,3336,4.7021832,4.1525474,4.208029,3.9969852,4.0833073
1343,2842,3.0524323,2.2507696,2.3823836,2.3620794,2.416245
1456,1735,2.5405405,2.1513937,2.427542,2.2439902,2.229982
2051,2085,2.1432512,1.686125,1.6553657,1.7610018,1.7025428
2633,2900,5.0388246,4.3872576,4.5579176,4.3308845,4.4862185
2056,3016,3.8880653,2.654031,2.609465,2.7202466,2.6503193
2131,1190,1.4925264,1.7856905,1.8482428,1.8037034,1.809141
1292,1509,2.692626,2.163377,2.157382,2.151293,2.1478105
1160,1485,2.667598,2.8629818,2.7612195,2.877258,2.765087
1741,1248,1.9683962,1.9445868,1.9521927,1.9211237,1.9108379
2505,3074,5.798183,3.8162627,4.0746937,3.7295682,4.2028403
2130,3259,5.9088206,4.1831937,4.220816,4.316753,4.336991
2699,2960,7.2132664,6.0681367,6.1615663,6.1346445,6.298099
2163,3638,12.959216,8.722597,8.812822,8.830801,8.785422
1012,3163,6.5042267,7.042606,6.7342153,6.8008537,7.1113634
1722,3959,9.945764,10.0399065,9.9606085,10.176668,9.930796
615,2166,4.627039,3.9604542,3.999829,3.844259,4.0874114
1871,1589,1.8926439,1.9547032,1.946658,1.8425084,1.7804813
799,1604,4.3809857,3.5648425,3.61023,3.9529374,3.8195164
2009,3702,10.159396,8.485956,8.729095,8.360934,8.355086
810,2140,4.592333,3.1809056,3.143831,3.2030654,3.1852467
664,1863,5.517077,3.8091354,3.8185859,3.7468042,3.7613854
1940,3107,4.0227094,3.0560305,2.9456298,3.1003363,3.0534515
1855,1052,1.701352,2.1831882,2.2087655,2.2074413,2.1928632
696,1276,5.712597,4.27072,4.283267,4.39587,4.3103604
1750,3171,3.2583437,3.4556515,3.1671708,3.2596345,3.367572
1905,2396,1.5459999,1.5128028,1.4745277,1.5475626,1.5958729
1075,2974,4.7525635,3.1514115,3.1218648,2.9644854,3.1398587
1788,301,2.7396555,2.300606,2.3373616,2.3022149,2.38179
1314,3410,5.581285,4.492745,4.775726,4.62538,4.5772653
1299,2059,2.8312044,2.7085288,3.0333846,2.8616488,2.8604622
562,2968,5.731604,4.511216,5.0440326,5.0893474,4.968934
1968,1234,1.3925978,1.8559487,1.8425208,1.8119184,1.8216096
1275,3518,9.401657,6.7964363,7.520673,7.1330547,7.1840405
1631,2975,3.258541,2.24045,2.5089934,2.3446286,2.5913613
1428,2952,2.649346,2.7452593,2.7335618,2.6648967,2.9310534
2172,3557,8.767414,7.24667,7.5066543,7.4446282,7.349659
1689,2294,1.6397003,1.776876,1.7782141,1.770088,1.8699224
1538,3957,13.426166,10.33939,10.105759,10.128368,10.13663
1098,1663,2.6586487,3.019619,2.8361511,2.9279163,2.9500625
1220,1470,2.6111467,2.2565005,2.308845,2.1979067,2.332263
1358,2076,2.9780376,2.8171842,2.9315414,2.8473403,2.8722632
1422,2399,2.0819662,1.8989708,1.903002,1.8319995,1.8368487
958,2951,4.3082657,3.836482,3.8731303,3.7918265,3.907634
1257,2382,3.034748,2.8615067,2.8951015,2.4058008,2.666474
1394,1532,2.7022984,2.1679947,2.2200768,2.2039204,2.166104
760,2850,5.2588773,4.160039,4.783636,3.8163223,4.7877192
1357,2126,2.9710119,2.8200688,3.0151103,2.8567924,2.926014
1890,1094,1.6186047,2.1711774,2.179211,2.1724966,2.170077
1660,2888,3.947564,2.4431005,2.5396776,2.4099874,2.6085713
946,2045,3.0311038,3.0433304,3.1091232,3.052008,3.1238837
1580,329,2.8683662,2.1756485,2.1830971,2.1975875,2.214631
575,1531,3.859218,3.3782601,3.4339209,3.6352692,3.5832083
2063,3277,5.345898,4.068903,4.1651325,4.196566,4.1923156
1413,1753,2.5579722,2.1927795,2.3531525,2.2063787,2.228022
1982,3461,6.2901974,3.9191504,4.0907593,3.90146,2.8381164
539,1934,5.164415,4.14386,4.5859027,4.131468,4.1629477
463,1780,6.6311784,5.690487,5.490288,5.591198,6.119217
1935,2754,1.7551979,1.5894376,1.5998465,1.6119198,1.6047653
1333,1952,2.6097453,2.3370404,2.822503,2.750556,2.7975469
1218,1878,3.0071366,2.6918354,2.8084729,2.692644,2.7942543
1167,365,3.946183,3.2084274,3.2529216,3.2046585,3.2349174
1352,3650,6.688668,4.6827183,4.823038,4.6754932,4.6090255
1071,1045,2.6595602,3.0769615,2.7055442,2.9876423,2.7601616
469,1399,4.5708466,3.5828774,3.5818257,3.5529628,3.6033704
1418,842,2.379462,2.1713448,2.0094757,2.1378577,2.116069
1129,3479,7.1604805,6.54897,6.602972,6.5130663,6.7500396
1867,1581,1.9902397,1.9238144,1.9307829,1.8562975,1.7425346
1849,1300,1.7895018,1.8839008,1.883995,1.8212211,1.8569652
2170,361,7.210855,5.339034,5.294491,5.288105,5.340683
1873,2207,1.4249,1.4442621,1.3777654,1.4469652,1.405089
2195,3459,9.675412,6.3653064,6.470321,6.446591,6.1802588
246,2324,8.002166,5.1842585,5.229854,5.212286,5.1074877
830,2987,5.437713,4.075427,4.684438,4.181472,4.300582
1238,2130,3.164543,2.6801114,2.8580768,2.6419542,2.9231513
906,1802,2.9780838,3.3380635,3.3181512,3.4489114,3.5331042
1094,240,2.3687837,2.5757823,2.5664442,2.540619,2.5252604
897,1027,3.04014,2.9958878,2.956565,3.0926185,3.0099676
796,1711,4.404702,3.5934405,3.6764588,3.496494,3.6671472
1583,2422,1.5184689,1.7088354,1.6300434,1.6296709,1.6983247
1681,3619,5.980587,6.4778275,6.6281834,6.7720757,6.34073
941,3144,8.934399,7.5489264,7.5350685,7.6560235,7.5026207
2267,1123,3.4828053,3.0877337,3.154666,2.9765496,3.0221283
1003,783,2.9704998,2.695621,2.9638667,2.7091439,2.7186134
1725,171,3.4253976,2.7178967,2.7484846,2.721691,2.938983
1884,3183,4.503794,3.08177,3.0403318,3.041166,3.1437945
789,974,5.1778197,3.48627,3.5593548,3.5354664,3.3189187
1186,2819,4.1810412,2.8209023,2.8887324,2.8246868,2.8748074
2071,3256,5.046232,3.9520972,4.0140934,4.038838,4.095486
3306,3301,10.608925,12.085882,11.9724,12.0764,11.948432
446,3042,10.886699,6.1170936,6.398442,6.406812,6.461373
2068,1789,1.8463811,1.7230037,1.7266343,1.7090154,1.7186018
222,2152,8.303318,4.8492007,5.0669026,4.9148602,5.0200434
1826,2056,1.9047953,1.7529601,1.70568,1.7110677,1.7269288
215,2927,8.172868,6.92144,6.910847,6.9170246,6.8024516
677,1295,4.788991,4.414467,4.397223,4.7524076,4.8014255
1822,2810,2.22779,1.9266652,1.9605551,1.8734426,1.870883
847,1865,2.8615863,3.3924432,3.3929198,3.4502664,3.4042044
1647,2893,3.3756027,2.5848124,2.6157823,2.5189586,2.6369457
1150,1437,2.6997156,2.5034673,2.5375738,2.5188642,2.6210132
1912,1590,1.837897,1.6462631,1.6015476,1.5565865,1.5222614
2712,3258,9.463876,8.329116,8.469257,8.309894,8.3438835
811,2242,4.4141426,3.27207,3.1225235,3.0470784,3.2735224
1682,2152,2.1886747,2.0729456,2.1104686,2.0379348,2.05743
990,2170,2.8125808,3.0885534,3.253641,3.240822,3.380848
367,2968,9.886657,6.0029106,6.1360693,6.0378804,6.3239417
783,3111,6.087061,5.77214,5.786447,5.8552675,5.643946
1975,2465,1.9866489,1.8724847,1.8393416,1.8353449,1.831125
994,3213,6.9442916,6.872072,6.821776,6.53651,7.2666483
2423,254,8.8783455,7.448799,7.649082,7.5109425,7.583198
1766,3737,8.814582,6.673803,7.006821,7.1140656,7.0264826
2023,3764,12.5397215,10.504209,10.639382,10.537224,10.594101
1489,3396,7.738991,6.768026,6.9755797,6.689141,6.7740364
1956,3036,3.1239903,2.8576212,2.7291148,2.8321729,2.8111193
1221,1750,2.311344,2.4234183,2.4426,2.336517,2.4246628
1321,2595,2.8044338,2.901269,2.9143586,2.5774372,2.8798902
1621,1458,2.7180707,2.2634296,2.2341278,2.1869962,2.3624265
2464,3352,9.095532,5.4824405,5.7846293,5.4100113,5.4933276
1462,3035,3.1279495,2.7756627,3.064878,2.9793286,2.6042886
2553,3730,16.885418,13.000364,12.484895,12.985372,13.204964
1533,2015,2.606038,2.1373096,2.2265751,2.0977092,2.2594995
1248,787,2.5501406,2.4086733,2.4466128,2.4162886,2.7369099
2007,1856,3.189048,1.7764915,1.7980186,1.8171625,1.9444287
812,1117,3.6259127,3.1585212,3.1282592,3.1486814,3.188995
754,2627,5.2859364,4.2124076,4.476571,3.8968,4.5959435
1369,1029,2.5853786,2.2131875,2.1084623,2.2702146,2.0334852
1010,2767,4.782085,3.2076125,3.76365,3.1979098,3.3440423
775,1412,3.449212,3.666054,3.6951835,3.6322308,3.6726553
2029,426,2.790713,2.7733936,2.7736871,2.7278066,2.8337963
309,3004,8.041783,6.558456,6.8862243,6.7106366,6.6085243
1383,204,3.27443,2.961805,2.7896736,3.020592,3.0388105
1989,1282,1.5165644,1.8512235,1.8260914,1.8475938,1.8768296
2684,3130,8.470016,6.913995,6.8686676,6.938377,6.833393
1095,2524,3.935805,2.572137,2.5691564,2.4937568,2.6150298
502,1918,5.588608,4.89435,4.963435,4.778911,4.859187
2093,3581,9.79465,6.716489,6.781581,6.7892513,6.6976104
2045,3657,9.096452,6.9156747,7.115658,7.143296,7.142256
2214,1432,4.191635,2.9416058,3.006176,2.9577477,2.9379404
2304,2156,8.250073,4.987234,5.2564964,4.811846,5.276205
2011,1149,1.4225117,2.0532982,2.0309863,2.0264075,2.0589051
1586,646,2.2647219,2.4738407,2.4263916,2.5411868,2.5141318
2642,3322,7.492372,7.435856,8.395974,7.2274284,7.460818
1254,1763,2.189369,2.373564,2.419848,2.3866072,2.407957
1143,1461,2.7100303,2.551251,2.5604508,2.572481,2.6340396
1352,827,2.6990404,2.1364625,2.1388788,2.2100394,2.0473328
2471,3501,12.01534,9.215046,9.214707,9.035886,9.260972
2554,2716,4.7809258,4.5635853,4.568867,4.5818653,4.6579456
713,987,4.1641936,3.5986066,3.7874708,3.767289,3.5840619
2060,3384,6.183947,4.488587,4.5804205,4.159817,4.1403694
1900,285,3.91743,3.7463214,3.8363645,3.6458747,3.7881308
1747,3132,4.2671604,3.206198,3.2373352,3.0839512,3.192938
1631,3168,4.087622,3.3932989,3.4217181,2.9733114,3.3850403
546,1758,4.4758573,3.5790672,3.5565608,3.4226692,3.554001
648,1189,4.94461,3.5029125,3.4935663,3.4202263,3.4587452
2244,614,3.8085034,3.4764438,3.4248748,3.4629595,3.6057076
1915,3306,4.960687,2.686718,2.7047606,3.6606913,2.7096803
1940,296,3.8170693,3.2054935,3.3357086,3.235191,3.2308972
1980,3404,7.821481,4.588373,4.6146092,4.3338876,4.532322
1546,649,2.3835537,2.4291654,2.5402122,2.5370457,2.5711663
904,2713,4.8712826,4.0766025,4.0593343,3.6689222,4.0844398
712,1806,4.491333,3.7240725,3.8148284,3.7206187,3.6990128
2188,2731,2.0405362,2.1930919,2.1776323,2.161329,2.1786568
2441,3014,4.282944,3.3431861,3.4033737,3.2270477,3.55743
2084,1821,1.8999295,1.6891372,1.6901183,1.7078085,1.7229774
2347,2895,3.162289,2.7998586,2.8713565,2.815394,2.7871788
2819,2985,10.181674,9.12443,9.31822,8.971066,9.243534
2363,945,6.256662,6.0721536,6.177566,6.086614,6.575776
1659,2781,1.9562956,2.3781276,2.3790371,2.382414,2.3894103
1764,3288,6.1418815,4.184051,3.9752014,4.1888566,4.0807614
1592,3765,9.620168,7.8558116,7.7731323,7.695659,7.4208193
2044,3439,8.536048,4.6506634,4.6342025,3.1322255,2.9276543
955,949,2.905289,2.8601108,2.832037,2.7966864,3.0092387
1637,2314,1.6586157,1.7831973,1.7976422,1.7116579,1.8095924
1308,1871,2.5389125,2.2765408,2.596926,2.2908418,2.5972483
1553,1710,2.917698,2.620937,2.9101493,2.439132,2.5925016
1814,2433,1.5119816,1.3966895,1.4166037,1.4526757,1.4435616
1117,797,2.511454,2.944384,2.964116,2.9945197,2.9374418
1467,3518,9.943076,7.359282,7.664009,7.597378,7.636832
1664,1787,2.4430845,2.3378456,2.358169,2.3456693,2.3078663
1621,2117,2.2764788,2.0942407,2.0517578,2.0415738,2.2839522
2415,3089,5.811802,3.528162,3.6889923,3.573214,3.799702
1012,3500,11.761577,7.166585,7.165237,7.155214,7.0951943
748,1394,3.347726,3.7328055,3.802297,3.602779,3.6867905
1245,205,3.2226212,3.220688,3.2568376,3.1085124,3.1045482
1195,1839,2.7465153,2.5335112,3.0526278,2.513328,2.700686
1480,740,2.0150204,2.288476,2.1659918,2.1777613,2.1897244
1449,167,2.469509,2.8353577,2.803847,2.790063,2.8631017
2121,3314,6.091109,4.4310064,4.456046,4.410849,4.5339093
2464,556,9.432744,7.0729003,7.2051,6.7105126,6.7992063
845,2946,4.7999897,4.088075,4.2037754,4.0252767,4.199946
1725,1394,2.3400068,2.093316,2.0091999,2.1182861,2.0670378
1683,1145,1.9890151,2.0061007,1.9474491,2.0051773,1.9132485
1188,203,3.3421934,3.1612403,2.97045,3.1789794,3.1585732
1980,285,4.2219634,4.3377347,4.477338,4.332683,4.481836
1410,1360,2.592499,2.150525,2.203444,2.1493506,2.190179
1513,3388,6.256392,5.7614956,5.8335037,5.824983,5.871404
2402,2546,4.6215577,4.491384,4.608231,4.5174074,4.580355
2575,2816,4.1466494,4.12866,4.148283,4.261814,4.3283415
2240,560,3.8419812,3.409363,3.4107423,3.3840306,3.4039574
1371,580,2.748944,2.6732512,2.628452,2.6804109,2.6484563
1850,1218,1.754063,2.0415657,2.091923,1.9620543,1.9394848
1200,2353,2.6451166,2.6127915,2.613329,2.5676675,2.6737804
1746,1138,1.757762,2.056092,1.8615292,1.8992717,1.8754197
1413,1492,2.65498,2.244553,2.2603052,2.255762,2.228647
2160,2920,3.1962783,2.6889758,2.5580616,2.5196733,2.673559
1565,3171,4.540788,3.2861907,3.429517,3.40255,3.4023368
793,2504,3.6835687,3.6947706,3.665304,3.6142476,3.6877518
2337,2888,3.8155506,3.1955345,3.2062762,3.267469,3.2294288
1680,1871,2.4187107,2.4008064,2.373493,2.3178658,2.4015596
896,1314,2.853978,3.5685987,3.5433393,3.5152948,3.5456417
2548,3258,8.81891,5.7072453,5.792064,5.736397,5.606195
2089,360,4.7275157,4.0053363,4.105533,3.9496722,4.2529035
2232,1088,2.698603,2.87277,2.9410849,2.8257136,2.8800943
475,1861,6.188946,4.8074183,4.753505,4.8028736,4.7479587
1877,200,6.8269467,4.618698,4.5856843,5.2021904,4.6615667
1511,1213,2.6639583,2.1424284,2.0926185,2.104839,1.9887965
2082,2531,2.8124607,2.0240507,1.9733422,2.2608128,2.048857
1577,246,2.3730516,2.239106,2.193532,2.2544413,2.2654986
1754,3760,7.403459,6.732352,6.832479,6.7281623,6.6829605
1564,2339,1.654622,1.778044,1.7105508,1.6494181,1.7774677
1270,3449,7.249187,6.894879,6.744806,6.2315903,6.771099
845,2634,5.750343,4.153593,4.361314,4.088826,4.355334
2021,2344,2.8766243,1.6783255,1.6475679,1.6856005,1.7069528
1440,2163,2.3032565,2.226372,2.4125276,2.151808,2.2311068
1307,1234,2.693389,2.1245265,2.108609,2.2143743,2.3653069
1338,3414,5.97634,5.033192,5.015388,4.6816936,4.9393115
1275,1245,2.5778778,2.2359376,2.1949043,2.2071579,2.287253
878,3173,8.742822,5.6862926,5.6504717,5.6936073,5.5787344
1721,3465,4.830578,4.9183564,4.895435,4.854445,4.876956
1939,3148,4.507178,3.3327167,3.3949916,3.1774364,3.3631365
1525,2905,2.6127098,2.539068,2.5445912,2.4698756,2.575314
1378,2645,2.607149,2.709051,2.6988535,2.6991665,2.7026231
1537,3073,3.6853383,3.7607741,3.544848,2.8183234,3.7837794
2448,2895,3.8371923,3.2838886,3.3114264,3.1681428,3.312697
2693,2891,6.255858,5.239714,5.4506016,5.228011,5.7430573
1171,3628,17.337824,11.749778,12.578295,11.220688,12.761422
710,2033,3.7808552,3.9204855,3.8516846,3.8664875,3.8220077
506,2991,6.668243,5.348927,5.986861,5.2311153,5.097976
491,1488,4.682327,3.9244568,3.8679702,4.0020013,3.7306392
1576,281,2.9372492,2.2094536,2.2415047,2.2258074,2.2788157
1782,1900,2.1274912,2.1865213,2.243489,2.1523225,2.3259485
1487,1606,3.0419111,2.6602468,2.7001023,2.635778,2.7614908
1484,666,2.060513,2.4224975,2.431087,2.399693,2.4058728
683,1812,5.1904664,3.626025,3.7378898,3.613725,3.6487765
1808,477,2.4607792,2.695264,2.7129343,2.669308,2.6796968
1458,3274,6.3558316,4.6688275,4.7126713,4.734784,4.7452297
1958,1655,1.7796339,1.6003585,1.5997375,1.4576565,1.6152141
707,1218,4.217012,3.8411932,3.536762,3.5101132,3.4715922
2148,370,6.08593,4.5859766,4.850445,4.5294194,4.6182957
964,2425,4.1851954,3.030284,3.0434551,3.0366797,3.0646436
251,1935,7.983584,5.3489175,5.254315,5.339357,5.3405356
304,2186,6.198218,5.1819344,5.1679244,5.1148777,5.295133
1524,2001,2.4721088,2.4591615,2.2415366,2.2647586,2.239762
1957,3230,4.302133,3.4762902,3.5464747,3.495193,3.4764197
1160,2905,4.6191063,2.7982159,2.9684653,2.7652564,3.0271757
1900,1647,1.8787285,1.7699158,1.6711625,1.6308938,1.6853671
2065,1468,1.4532658,1.6090685,1.6192737,1.5490892,1.5862584
1790,3620,5.711141,6.026045,6.2338653,6.2277994,5.777693
2098,3545,10.847541,7.269191,7.2932963,7.2450104,7.1645007
696,1723,3.7336204,3.500217,3.4536042,3.5286472,3.7588727
3246,3314,10.195793,10.558936,10.6370325,10.350342,10.525535
2180,2172,3.1388037,2.0499895,2.0224946,2.0299587,2.1024578
960,3213,9.178909,7.121393,7.138771,7.1153564,7.1937656
1978,3578,8.962538,4.7597017,5.021598,4.7249527,4.77478
2507,3237,8.038741,5.506377,5.6018505,5.139508,5.3976674
1574,672,1.974892,2.5666301,2.3798528,2.4863548,2.4700952
697,2958,5.0884213,4.5948257,5.111595,4.561551,4.510099
587,1831,4.0753293,3.604037,3.6863248,3.5562873,3.6197836
2242,2642,2.3340538,2.476515,2.4778328,2.4184809,2.54717
1344,1720,2.5594454,2.2795916,2.3091433,2.0397923,2.2628963
1502,3717,9.234072,8.089202,7.6287103,7.6713576,7.5932703
1140,2364,2.6090872,2.523827,2.6163027,2.4618437,2.6699612
2234,1244,3.1253855,2.6413074,2.626962,2.573724,2.5368357
2109,2426,2.7786634,1.8501152,1.8297089,1.8704466,1.8988583
371,2290,8.994733,5.2919564,4.767078,5.220804,5.2414174
1152,2355,2.6275842,2.512679,2.598659,2.4723873,2.7179036
2397,325,9.335786,7.1347775,7.079766,7.1814346,7.358747
868,3120,6.018454,5.983252,5.8897767,5.817216,5.932563
2257,672,3.9859798,4.039065,4.107277,3.7384233,5.655333
699,1032,5.7281966,3.0969691,3.8054125,3.1562555,3.1150944
2006,3215,4.4430985,3.5752516,3.6068652,3.6203008,3.6426022
2197,3078,4.7583237,2.6949472,2.7861364,2.738699,2.729878
1278,2027,2.6551917,2.6612947,2.9074266,2.7491841,2.75962
2294,2405,3.3167937,2.5632331,2.6361337,2.570216,2.705174
2188,685,3.9479926,3.5936463,3.490378,3.4922264,3.5262334
1883,1529,2.010998,1.8075765,1.6833743,1.7424147,1.650553
2117,1140,1.2936968,1.9204404,1.9796252,1.9078344,1.9205645
547,2311,5.4671593,3.4219847,3.3132946,3.2420619,3.3482745
2102,3181,4.720452,3.2830124,3.2539964,3.2800941,3.2449896
289,1829,7.6146493,5.2917376,5.389173,5.84829,5.173626
855,944,3.8594182,3.3782902,3.382876,3.5237057,3.400725
2009,3257,5.058197,3.6739662,2.749464,3.6746736,3.6243048
1826,3992,19.187836,12.9377985,12.53698,12.846563,12.474322
1583,1457,2.874115,2.3943233,2.4199514,2.2261026,2.4182494
1109,3117,5.4194016,4.559997,4.564888,4.5986943,4.720728
2428,3059,5.6857605,3.3203704,3.2489963,3.3788762,3.5375676
688,1240,4.1123524,4.1751556,4.0413685,3.98862,3.9463575
1526,3780,8.186376,7.485686,8.008714,7.826403,8.03666
2567,3486,14.802678,9.947712,9.725676,10.27743,9.968836
1681,1593,2.5521805,2.3553133,2.307504,2.2086198,2.3364024
1501,3562,8.693943,8.133387,8.035916,8.181721,8.038884
1970,3723,7.8848815,7.672104,7.8557644,7.7066803,7.6903687
1000,982,2.6116374,3.060164,3.0020716,3.0153196,2.99586
2124,3434,9.668299,5.1477346,5.2334805,5.232064,5.043524
746,2267,4.12375,4.055562,4.119472,4.0077844,4.1590977
658,2273,4.354654,4.002205,3.9815166,4.186756,4.016948
1781,2001,2.1392872,2.0796747,2.0427296,1.9720733,2.1474433
1145,2054,3.2202103,2.5228157,2.977494,2.5012887,2.98808
682,1602,4.9934716,3.656698,3.8293405,4.0533195,3.8632944
915,2445,4.1391144,3.1467032,3.1983898,3.1556408,3.209851
2075,312,7.0218124,4.8352485,5.020304,5.058437,5.131922
2186,2301,2.8259232,1.5220325,1.4914305,1.4925663,1.5336409
2710,2816,6.9103374,6.755178,6.8167896,6.714813,6.9029355
1488,917,2.5480587,2.3982239,2.1429687,2.2876232,2.0905304
1439,1027,2.4645202,2.130448,1.8761505,1.9178135,1.7953035
847,1214,4.4456854,3.6838934,3.6838934,3.686679,3.665294
2449,3212,8.126258,5.134182,5.679417,5.0163994,5.45144
1175,622,3.4440868,2.807778,2.970424,2.9281836,2.9189873
1756,2118,2.8537662,2.2198873,2.1526153,2.1542141,2.1600685
942,3070,5.890634,6.3216906,6.314107,6.2057223,5.4669046
1246,1515,2.5892637,2.2883358,2.3077662,2.2563283,2.2957
269,2364,8.426858,5.180479,5.1644897,5.171078,5.1893206
2285,2402,3.1353378,2.4949527,2.6108325,2.5843625,2.6891453
2155,720,3.0484905,3.0781403,3.3062277,3.0855732,3.160051
2117,1264,1.7867681,2.1948125,2.2054515,2.1617596,2.2115521
1511,1072,2.5209255,2.13333,2.0946245,2.128225,2.125493
515,1340,5.458224,5.4208145,5.2993717,5.253395,5.644022
2083,905,2.4478009,2.2052255,2.2046278,2.247286,2.2426643
1700,962,2.3126152,2.1860728,2.1852536,2.2836378,2.1404977
1282,1758,2.2627952,2.2685406,2.3022702,2.306802,2.257083
1664,2223,2.7823124,2.2077866,2.2623403,2.2337787,2.2825048
1198,2047,3.157778,2.8199205,3.0150366,2.6409507,2.9741352
2250,1084,2.8638048,2.8589373,2.941888,2.8486788,2.8668423
1188,1391,2.704512,2.4452963,2.499467,2.4738262,2.5279984
815,2636,6.0226555,3.6567419,3.8855765,3.7319942,4.0732975
2100,383,4.374533,3.9762661,4.2868447,3.7726293,4.03019
1351,2224,2.8190422,2.5551577,2.9752388,2.6387258,2.759363
2297,3490,11.122857,7.064778,7.267405,7.2698474,7.112033
558,3158,6.9250045,5.6322265,6.531015,5.4762907,5.618018
806,2577,4.232221,3.7522197,3.8280997,3.6691747,3.8538175
1516,3252,6.1022515,4.7283425,4.770933,4.735322,4.7114587
823,2794,5.9479423,3.6489184,3.832524,3.557013,3.8359423
2093,3424,8.656476,4.534812,5.139036,4.722512,4.6114063
1930,3889,10.879803,10.922042,9.860384,11.326766,11.301217
2177,1252,1.7793316,2.109234,2.0927145,2.095697,2.1086538
1874,3179,4.766415,3.282086,3.2419558,3.240573,3.222209
1679,2540,1.435379,1.4481827,1.4497793,1.474383,1.8950604
1452,2924,2.45327,2.5924668,2.642108,2.6301827,2.628848
2003,1172,1.3603798,2.0007899,2.0152748,1.9930639,2.0521166
1593,3364,5.033563,4.753718,4.9519,4.748358,4.727094
633,1883,5.369121,4.031982,4.0579314,4.05602,4.097449
2236,1243,3.2333019,2.6599112,2.6662328,2.5851188,2.5518045
978,1568,2.8573825,2.841954,2.9522097,3.0186594,2.9131644
2336,774,5.579682,4.3356314,4.856997,4.1362004,5.0333133
1013,2800,4.8900523,3.075874,3.7812548,3.0993364,3.1197288
354,1694,8.835169,7.378743,6.329729,7.786235,7.721518
1601,1768,2.613986,2.5379238,2.5515246,2.47248,2.4906123
1682,1032,2.0579894,2.0347304,1.8999239,1.9728487,1.8849559
2485,2778,3.9855702,3.3473558,3.2662947,3.244724,3.2535777
1251,1283,2.5715597,2.4411619,2.394623,2.4517615,2.4990215
1871,3222,4.2989078,3.2834017,3.362726,3.2528698,3.3629992
2321,2564,8.027669,6.809389,6.8581557,6.81467,6.8362875
2267,3763,12.483715,10.575379,10.24838,10.75793,10.319791
2638,3121,8.603271,6.3079734,6.4555387,6.113324,6.496839
931,3326,7.5102477,6.440202,6.5507703,6.3639445,6.4506702
1421,3775,9.2038555,8.549249,8.665993,9.228611,8.811427
782,2144,4.483256,3.2295225,3.2546165,3.2820985,3.3317895
1249,2903,2.9951966,2.9001071,3.071614,2.47058,2.6798925
2081,1927,2.6343896,2.0461779,2.0488684,2.0493455,2.050868
1534,1366,2.62591,2.237509,2.2387538,2.271482,2.2636209
1439,2614,2.4508998,2.3302073,2.2260542,2.0764613,2.3942802
1227,2749,2.787223,2.7895932,2.8146985,2.9879534,2.7853
2061,437,3.963405,3.570396,3.6425416,3.65711,3.588453
1401,2322,2.3186731,2.1655705,2.1722465,2.1658416,2.2096894
1987,305,3.9706936,3.907758,4.0529647,3.8798606,3.9500198
1179,3507,6.296267,5.0192018,4.9884973,5.013775,4.9999137
1625,280,2.0376446,2.139825,2.213857,2.1668112,2.287127
1761,1136,1.7909874,2.1594791,2.1092086,2.0672588,2.118951
706,2896,5.115895,5.1977477,5.173967,4.6280923,5.1393933
2179,3161,5.3234105,3.3099813,3.437849,3.1071732,3.113176
1098,2546,4.123363,2.5517035,2.5230289,2.4771302,2.5563679
1800,2897,2.3745997,2.1610436,2.2216053,2.213586,2.1558404
1858,2734,2.5600135,1.9441473,1.8966823,1.8875977,1.9597433
2227,414,4.648511,4.610495,4.6075783,4.560738,4.680881
443,3131,8.036696,5.5752506,5.626341,5.5667806,5.5505834
1518,3233,6.187864,4.64857,4.733525,3.8838844,4.6587744
1710,3581,5.7580733,6.5333314,6.785749,6.6878543,6.6299424
1837,1573,1.9179592,2.0116425,2.017071,1.8387717,1.7874656
1850,3531,7.3380437,4.8003354,4.672214,4.739962,4.718414
2075,3420,8.297009,4.7294116,4.9456954,4.740864,4.6506395
1173,685,2.658382,2.7770507,2.7329454,2.7955914,2.8034024
2759,3434,16.858557,11.912957,11.90819,11.081655,11.432603
2493,3123,6.474731,4.159033,4.2279177,4.140905,4.248273
1089,724,2.6980264,3.0972657,3.0074432,3.0118058,3.0493262
994,1844,2.7325199,2.973727,3.0224211,2.9903984,2.9986854
1221,794,2.6597154,2.6565406,2.7031903,2.7099035,2.8850133
1113,479,3.4442167,3.1561341,3.1046314,3.087142,3.1997128
227,1934,6.9425406,5.173277,5.172181,5.167285,5.2160516
2234,3300,7.0720468,4.274768,4.288991,4.298856,4.4157634
1678,3008,4.0524178,3.045837,3.0445518,3.0926065,2.9843981
1465,2130,2.2081254,2.2166035,2.3405697,2.2417939,2.2061348
2109,3190,4.7630687,2.9753046,2.9758875,3.0329254,3.0026906
2080,1613,1.7195638,1.6289945,1.6752218,1.6755611,1.6338087
1651,1980,2.3435953,2.271459,2.3062263,2.3302548,2.2726278
1267,2789,3.2079523,2.5883608,2.6577291,2.5643165,2.5110812
1114,379,3.884058,3.2549994,3.234713,3.216605,3.2643716
1613,1110,2.307521,2.1030064,2.023772,2.0753813,2.0899186
2114,862,2.8238657,2.452132,2.891372,2.45186,2.4876308
981,2020,2.7451794,2.8330271,2.9170809,2.8195226,3.0299509
2131,3690,11.088733,8.283361,8.295665,7.9849133,8.047717
1627,172,2.8129933,2.4658844,2.4052877,2.4667428,2.3749075
340,1923,6.8123894,5.9707227,4.8661637,5.712985,4.7825446
1222,1258,2.6379366,2.392932,2.423274,2.408251,2.3970563
1235,1335,2.6689785,2.3257215,2.3302732,2.3286817,2.330351
2445,308,9.721877,8.243944,8.316256,8.226609,8.269227
2046,3009,3.8800678,2.8564026,2.691014,2.5870273,2.7155461
1767,1896,2.1977775,2.2674613,2.2192917,2.1576505,2.3132117
772,1858,3.1890442,3.3387473,3.302988,3.4545534,3.4596734
1439,1266,2.5269454,2.076887,2.10033,2.074779,2.241715
1915,1140,1.517346,2.2139475,2.2252345,2.2466104,2.1916375
2087,2159,2.3190482,1.7944003,1.8020952,1.7986479,1.8273796
1417,2178,2.4738386,2.4459918,2.5153954,2.3772092,2.5475729
1466,2729,2.32985,2.6152718,2.6838293,2.6645896,2.6613812
1124,2387,2.5739148,2.284204,2.337422,2.3246598,2.3667245
2022,2101,1.912643,1.7437294,1.6832893,1.7799271,1.7460986
2437,2976,4.372612,2.982058,3.3722496,3.2007408,3.2506287
1333,1162,2.6426961,2.2190526,2.1255836,2.257532,2.0531962
2223,3169,5.399265,3.342842,3.3465593,3.3718393,3.1638603
3220,3247,11.428485,11.564124,11.629667,11.403629,11.606215
1594,3028,3.2267425,2.562992,2.7287705,2.723121,2.8118954
1823,1569,2.1001241,1.9772663,2.0654798,1.8298875,1.8080457
2998,3113,11.462209,10.421111,10.529842,10.033364,10.557855
624,2227,4.2049108,3.6511593,3.7688057,3.7978182,3.6791456
1887,3267,4.710503,3.4818733,2.7038784,3.4496984,3.4301302
1345,2067,2.8434021,2.830353,2.9902682,2.8628294,2.9406946
2091,1119,1.1885239,1.971398,2.0470502,2.003979,1.9222916
1327,3739,7.7837462,7.2275577,7.4774833,7.2320304,7.4447417
320,1762,9.082208,7.631011,7.7459536,7.7468615,7.78237
1590,2954,3.4722774,2.474803,2.529576,2.4845922,2.5699787
2202,1388,3.33597,2.5966873,2.6690645,2.598535,2.5738049
498,2234,5.2798295,3.31875,3.3370411,3.3255274,3.3690374
2777,3518,13.203537,10.308416,10.127965,9.928001,10.524264
552,1926,5.263217,4.2686205,4.6061616,4.115503,4.2489223
733,2055,4.9367404,3.37601,3.5130494,3.5732818,3.4820065
1514,2848,2.8293884,2.6148572,2.6686254,2.626614,2.6536312
1972,2509,2.150921,1.8917466,1.8254864,1.9231635,1.9278213
2138,3030,3.96554,2.3383782,2.3429742,2.3257651,2.3657844
1065,2982,4.9513397,3.1222808,3.0999067,2.996079,3.124149
846,1498,3.1426818,3.657996,3.6511009,3.7004566,3.7120907
2237,3328,6.7723045,4.7907,4.6750126,4.773693,4.8543158
2363,2799,2.8732255,2.331309,2.457534,2.4011173,2.5121927
860,3334,10.412247,10.076331,10.208388,10.091574,9.835768
716,2468,4.9537706,4.6240225,4.7153654,4.510901,4.8147125
1477,1548,2.9166925,2.3266647,2.3054566,2.2576869,2.2853663
966,1433,2.80756,3.0562482,3.044011,3.207857,3.0582912
738,3067,5.0621605,4.4492607,5.030796,4.4899,4.5672784
1593,2859,2.8160093,2.4323673,2.4079924,2.290223,2.3453586
2311,2257,4.0495906,3.2603507,3.3269265,3.2235527,3.4446619
1949,2666,2.4054787,1.6668992,1.6686096,1.6355599,1.6294323
1832,291,2.8429196,2.5928798,2.6306221,2.6432838,2.6868525
2071,2207,2.2415817,1.719049,1.6029183,1.6199123,1.5447779
1106,3331,5.5284677,4.2702975,4.269142,4.3216743,4.3065968
702,3207,7.828991,6.479531,6.644281,6.4165587,6.370208
822,3204,10.248382,8.736997,8.73845,8.642383,8.749159
928,2775,4.754444,3.4840405,3.502149,3.7236404,3.691224
2577,2724,5.1806855,5.0678706,5.266619,5.006875,5.2833076
1909,2584,1.9410597,1.691302,1.6186004,1.6534057,1.6468812
869,2549,4.825939,3.7235816,3.6556325,3.6753001,3.5163124
2629,3527,14.260235,11.0807,11.259421,11.068269,10.881095
1839,2434,1.3354162,1.424535,1.4191861,1.4468752,1.4285991
1283,2415,2.4760535,2.3394628,2.7119331,2.3306048,2.7283926
2259,868,2.4388952,2.4442437,2.766974,2.3981347,2.7069917
1739,1049,1.9422585,2.2129674,2.1411018,2.147105,2.2223039
1421,1670,2.2723217,2.290238,2.2473822,2.1189086,2.2571309
1434,2220,2.2239392,2.1929255,2.3151546,2.1993077,2.1928318
1649,2472,1.35947,1.5522997,1.5553341,1.5597682,1.537603
3236,3294,8.598183,11.208061,10.594802,10.53757,11.816416
1545,2435,1.626187,1.6352465,1.63164,1.6265143,1.6275643
2113,2772,2.0676634,1.594162,1.5860016,1.595433,1.5982331
1665,1081,2.0136557,2.0850189,1.9505792,2.0176136,1.9249159
963,2436,4.0238714,3.0503163,3.0904047,3.0660954,3.0529182
2030,1096,1.2443107,2.1569226,2.1267974,2.1564956,2.15394
1667,1125,2.0109155,2.092832,2.0336804,2.1275718,2.037515
2171,2567,3.3147137,3.758425,3.8133276,3.745898,3.9371808
1759,1683,2.0269425,2.0426533,2.0999095,1.9622027,2.2013958
1752,449,2.3908455,2.6398044,2.304686,2.6595857,2.5814207
1496,2468,1.6735921,1.6625689,1.6756344,1.6319485,1.6633548
2485,421,11.484248,8.458261,8.443992,8.421068,8.51257
1733,2849,2.952036,2.4388433,2.4131556,2.444076,2.4577734
863,3164,8.930573,6.8857536,6.841987,6.6748815,6.5450006
1362,2273,2.5635607,2.552147,2.6102927,2.3501217,2.6303284
1703,3569,5.629421,6.2469726,6.2953296,6.2969937,6.1711445
884,3142,6.3515587,6.2926483,6.3357863,6.34864,6.040732
1133,788,2.6847203,2.945681,2.9368305,2.9527316,2.936392
1249,724,3.1225147,2.338893,2.2781792,2.378211,2.3940313
847,1032,3.297084,3.2100475,3.4354148,3.6113,3.2255342
1826,583,2.510809,2.2496626,2.2371213,2.2501795,2.2346036
2494,3094,6.4650865,3.7865682,3.8740215,3.7451425,3.9158738
2497,3700,10.468204,9.303556,9.060951,9.124585,9.147439
1908,2617,2.3419015,1.647361,1.6676849,1.6514043,1.6754887
2126,3798,13.051553,9.15504,8.463604,8.204187,8.921156
1783,3903,11.754845,10.195414,9.67508,10.378763,10.433686
1191,2874,4.471296,3.7424707,3.7120647,2.7721689,3.935131
2410,3285,6.851938,5.4665313,4.965231,5.576908,5.6139073
1599,2943,2.6131923,2.485596,2.4946299,2.678382,2.5780032
1713,228,2.8515892,2.4871175,2.490982,2.4776492,2.5391295
917,1018,2.9257286,2.9070404,2.8825352,2.8777277,2.9381871
2125,3971,17.54204,15.613697,15.551443,15.629946,14.982544
883,3295,13.299187,9.78164,10.024117,9.725473,10.019233
1823,2488,1.4732081,1.4848012,1.440372,1.4638401,1.810197
1784,1834,2.0454328,2.2339408,2.1804597,2.099965,2.3136036
2128,3740,10.633296,8.683539,8.746998,8.67907,8.441129
1526,1782,2.568452,2.370621,2.4681482,2.3797297,2.312607
1854,286,3.20909,3.0648518,3.0448022,3.0768425,2.8949945
859,1478,3.2633617,3.6523223,3.6959395,3.7178967,3.7161987
2008,1931,2.2698257,2.0021234,1.8918396,1.8750103,2.0186522
2203,2967,3.6679204,2.9587893,3.004817,2.9319787,2.945364
2195,2018,4.3306937,2.7064064,2.7103782,2.613296,2.7491734
2676,3513,11.829028,9.895019,9.894044,9.9606,9.739212
1083,2829,4.531353,3.0548687,3.0739176,2.9122472,3.0790594
1667,2901,3.7163022,2.56635,2.612599,2.5105836,2.5967762
2419,3729,16.234934,10.353041,10.212529,10.155701,10.314867
1990,2986,2.8684425,2.3229618,2.4506135,2.461299,2.361965
693,2008,4.0743165,3.8728485,3.8481004,3.7274961,3.8370824
1209,1687,2.3939655,2.4042087,2.4174979,2.3978996,2.3942807
2057,967,2.072517,2.1465597,2.2684493,2.2839038,2.311507
2205,2530,3.3756173,2.6485558,3.0159476,2.6687758,3.1170151
2098,3696,9.885182,7.2028065,7.194703,7.3212514,7.2453117
1774,2671,1.7343985,1.8115541,1.9496047,1.8120238,1.8786863
843,3322,12.139848,11.258696,11.27965,11.352512,11.337627
1915,1502,1.9544362,1.5864046,1.4987708,1.5490503,1.5304922
1855,196,6.631067,4.615284,4.93541,4.7391105,4.8981113
1586,2644,2.1460817,2.237121,2.2519848,2.2237318,2.271938
2097,1415,1.4863358,1.6938596,1.7110304,1.6729636,1.6979904
1976,1973,2.1785793,1.793733,1.729892,1.7523087,1.8700162
2317,652,4.925732,3.7326074,4.0677977,3.7599258,3.8212554
2332,847,4.817797,4.5860977,4.600482,4.471323,4.5638084
1700,1919,2.5348313,2.3541367,2.3873725,2.285423,2.3423023
2622,3507,13.6063,10.516477,10.0185585,10.105048,9.811098
1811,1012,1.4758962,2.2359974,2.15776,2.19142,2.218795
1787,3458,4.7630796,4.8492575,4.8566236,4.810147,4.7963185
1671,3742,8.847496,7.066181,7.171794,7.396893,7.2936363
1080,3194,4.9389763,4.1329737,4.323576,4.0777025,4.22289
554,1226,5.7990723,3.5806668,3.5740588,3.652275,3.5818791
2633,3011,7.397554,5.1364794,5.5591416,4.9939003,5.420221
2371,3021,5.861669,2.9694028,2.9920716,2.969696,3.1263938
3145,3225,15.45572,13.686492,13.863434,13.550718,13.4338665
1463,3541,7.4575257,7.2139177,7.3180723,7.245871,7.183477
2758,3250,10.485597,10.45858,10.753315,10.808119,10.756611
2007,1376,1.4935001,1.6782776,1.657799,1.6121066,1.6427777
2537,3655,9.9197235,8.414162,8.421436,8.878336,9.680174
1610,542,2.1290138,2.409414,2.3891792,2.362664,2.358619
2138,1941,3.0212114,2.4430318,2.5377085,2.3651175,2.535891
785,1030,3.6652792,3.574869,3.535301,3.614574,3.4988952
960,2986,4.5251465,4.0863285,4.007365,4.061322,4.030109
1727,3546,6.417871,6.0491915,6.158697,4.714055,4.882598
1837,1016,1.5839065,2.202732,2.199939,2.2333155,2.209407
1592,3570,8.138131,7.0710382,7.0267277,7.22238,7.1497765
2438,3187,7.596149,4.5512595,5.4372973,4.631354,4.747634
1570,3792,8.90305,7.5294204,7.765423,7.562736,7.5375266
1163,1312,2.7444904,2.531405,2.553678,2.530498,2.6426241
2793,3426,11.23315,8.747311,8.725931,8.338271,8.545213
2054,945,2.1656387,2.2760692,2.296971,2.2989287,2.2473543
1542,662,2.4386775,2.560484,2.55054,2.5293522,2.5774586
1196,2583,3.4184263,2.8350794,2.82731,2.697909,2.897584
1815,2176,2.4065275,2.0619848,1.8834809,1.9509027,1.9748392
2726,3447,15.177574,11.342713,11.069599,10.613406,11.244032
1195,802,3.5531216,2.8370235,3.0345275,2.9184728,2.9619415
2068,1736,1.9198385,1.739553,1.7222445,1.732473,1.7387484
1012,3124,6.1986794,5.7668915,5.583434,5.4822917,5.649135
1941,1031,1.6558393,2.0379233,2.0189006,2.0193758,2.0183263
1339,1206,2.7507086,2.2695792,2.3292012,2.2967386,2.2606585
1571,3875,8.87773,8.302446,9.023747,8.528466,8.492115
2371,2794,2.9571486,2.4813871,2.6355224,2.4840899,2.5255096
719,1771,5.0336003,3.6942606,3.6753154,3.6027339,3.6864567
1506,1046,2.480018,2.1245015,2.1245475,2.1064649,2.1521814
1258,471,3.8703048,3.0063798,2.942127,2.97163,3.0433574
1041,565,3.0236218,3.1487715,3.1640582,2.92283,2.9231365
802,2691,5.9431534,4.1844482,4.3465533,4.0244393,4.57058
752,1410,3.5917222,3.6985838,3.7702906,3.683127,3.7375233
1869,1923,2.0923636,1.9736866,1.8677145,1.8616807,2.0660489
728,1332,5.170628,3.9155831,3.9542842,4.025509,4.024587
2183,979,2.085509,2.94138,2.9792671,2.8219585,2.853557
756,1989,3.6680038,3.5403702,3.5890977,3.5179312,3.513602
712,2127,4.5097146,3.5818188,3.6878674,3.5426893,3.536421
2213,685,4.4560804,3.5448656,3.4973397,3.453999,3.578636
2131,1551,2.37098,2.353516,2.3603969,2.319749,2.399119
1858,1820,1.9885865,1.9461191,1.88575,1.8828421,1.9353269
1847,199,4.8395977,4.395548,4.6605678,4.3832335,4.5826473
1698,3678,6.8542266,6.7144165,6.6394353,7.0907297,6.5703597
1469,2015,3.1652043,2.4176288,2.843445,2.6596446,2.4332952
1216,694,3.6628888,2.6362827,2.7305462,2.654698,2.6354754
1864,2711,1.9228045,1.8886799,1.9045553,1.877387,1.8786886
2154,417,3.8926036,3.7213848,3.726031,3.6922355,3.8020658
2351,2271,5.2941194,4.403698,4.450028,4.1901245,4.440888
2088,2850,3.2309844,2.3946977,2.3117554,2.4377878,2.3982043
1757,1858,2.1440346,2.244485,2.2602446,2.1328235,2.279265
3139,3511,14.615527,12.19836,12.295569,11.821496,11.260559
1656,1111,2.0469816,2.0822833,2.0105555,2.066432,2.0230622
2223,420,3.9741676,3.9271853,4.1443963,3.914512,3.9904785
1194,2702,3.716468,2.8123705,2.8507006,2.5394258,2.900762
2173,1249,1.7640904,2.082551,2.0934842,2.0295985,2.0873327
948,2063,3.044748,3.042206,3.0867624,3.0425751,3.1453807
1093,2284,2.4957447,2.5015454,2.570939,2.498465,2.510819
886,2836,4.027632,3.6294184,3.8089616,3.6108713,3.9207165
1126,3385,7.366265,4.749763,5.105478,4.7200522,4.710483
658,1876,5.574192,4.239491,4.130572,3.7488418,4.1441684
2437,3332,10.219396,5.06446,5.6825113,5.1858926,5.017661
1790,3263,4.3455963,3.796676,3.6901891,3.634788,3.5991368
1790,2501,1.4669412,1.473322,1.5078156,1.4775714,1.579142
920,949,2.971098,2.9335709,2.9032872,2.948035,3.039611
1068,2452,3.2613828,2.5660985,2.5818253,2.4785779,2.5739226
1208,843,2.6043873,2.5976317,2.586439,2.6811066,2.6508222
1222,2860,4.0601897,2.600386,2.855798,2.5077348,2.6707475
2701,2911,6.3333564,6.419647,6.446538,6.3939023,6.79622
1668,920,2.3300614,2.19376,2.0504541,2.1107209,2.1124377
1509,743,2.6448567,2.4819448,2.1821814,2.235784,2.2279937
845,2817,5.7547517,3.92054,4.10557,3.7763033,4.0563865
1921,762,1.9372407,2.1820774,2.2159674,2.1793253,2.1965601
1506,367,2.9401658,2.6515827,2.6460114,2.7011302,2.6950524
1810,1163,1.6488705,2.1185687,2.0783877,2.036528,1.9996735
2329,3213,7.6623273,4.426871,4.408432,4.554128,4.5078316
2209,3399,6.5911555,5.1634107,5.4168153,5.053012,4.977989
1711,2942,2.6241214,2.5652077,2.4846191,2.5124223,2.550611
1438,1719,2.0832522,2.5163476,2.1550012,2.1664631,2.2365298
1971,1033,1.7439876,2.0964828,2.1099787,2.0995722,2.062492
919,1838,2.9358819,3.1428254,3.2302735,3.2547805,3.353819
1539,277,2.8947163,2.631257,2.6442285,2.6304138,2.7371912
1769,1568,2.3947399,2.0640044,2.0293407,2.1049118,2.1721566
2058,3775,12.064507,8.914534,9.125699,8.979269,8.740278
1170,2251,2.7091224,2.6203673,2.7472153,2.5229025,2.7666185
884,2026,3.0561981,3.162533,3.1755137,3.158668,3.1743212
389,3067,8.321491,5.4890475,5.500526,5.7106814,5.2743106
1424,1964,2.7612417,2.5548344,2.9470663,2.568174,2.5885854
2217,2135,4.47456,2.5558536,2.6641293,2.5684562,2.7030823
1489,351,2.7247603,2.7156951,2.7063246,2.7248144,2.7539148
1482,3731,9.071966,8.111346,8.173109,8.913261,8.131551
1787,1843,2.0526166,2.2405336,2.1968865,2.1574142,2.3149362
2486,390,10.330307,8.506759,8.344274,8.390617,8.412403
1713,571,1.8479162,2.2475622,2.2783113,2.264383,2.2607853
2668,2927,7.1785965,6.634927,6.675199,6.258441,6.639884
1159,3318,6.631958,4.953841,5.1041813,4.9604387,5.0112395
824,1158,5.066723,3.5841885,3.5998895,3.5049875,3.6360269
1362,2447,2.226415,2.164659,2.1652014,2.1483564,2.2765107
2421,2558,5.1451335,4.8916593,5.097172,4.8921194,5.085843
2485,3742,14.044436,11.787317,11.678219,11.239722,12.019238
2125,374,4.3795266,4.0825644,4.2240453,3.9883742,4.2205806
2758,3175,12.937218,8.786595,8.2348,8.45942,8.445067
244,1858,8.871113,7.1608815,7.250707,7.2742167,7.3452363
1888,1089,1.5911788,2.1707542,2.1401296,2.166058,2.1796525
1937,258,4.964752,4.6742287,4.618469,4.698569,4.5656924
891,1489,3.281639,3.4450128,3.4318311,3.4211416,3.4769282
1436,2188,2.2408245,2.2176425,2.342181,2.3048499,2.2262008
1624,3746,7.757417,7.3190975,7.97141,7.7188516,7.307352
2226,3826,15.916881,11.212427,11.170231,11.109209,10.860794
829,2261,4.6319113,3.1266904,3.1356754,3.122547,3.124422
1493,3365,5.528116,5.36796,5.388551,5.39498,5.271897
1253,373,2.6731634,2.9487908,2.953695,3.0576751,3.2288837
2472,3352,9.748389,5.614688,5.9040394,5.6108637,5.5637445
1626,489,1.9396023,2.375297,2.4120834,2.412995,2.4124787
1885,3522,6.015354,4.129122,4.314076,3.963645,3.3760433
1745,3306,4.2769065,3.3556533,3.5689569,3.3490417,3.3125267
598,2314,4.7266126,3.3810728,3.4699304,3.40251,3.4210014
1744,1639,2.179992,2.0718102,2.2228954,1.9907948,2.2249763
1544,2332,1.653526,1.9018372,1.6956397,1.6927027,1.7897528
1944,463,3.400956,2.4858818,2.551248,2.574081,2.551009
2166,461,3.8880703,3.6013288,3.7058816,3.5535533,3.735953
1517,524,2.2073812,2.6930833,2.7342958,2.6934383,2.7551699
2677,3233,7.8086877,7.1642604,7.3283696,7.2293067,7.208368
850,922,4.1916695,3.376461,3.4339943,3.4408216,3.303234
2613,3409,8.2475195,9.089605,8.663135,9.17361,8.8579035
1299,1013,2.733716,2.1964512,2.2977245,2.238745,2.136927
1258,677,2.4097712,2.2941654,2.2542396,2.2633486,2.329098
3270,3392,7.3297505,8.797436,8.785972,8.761453,8.733556
1194,1890,2.8848295,2.7713442,2.7469773,2.6749008,2.9033673
2149,886,2.3795207,2.1999612,2.1964097,2.3218684,2.235376
2671,3025,7.9669495,6.666814,6.6997266,6.617769,6.8957477
1011,2165,2.9731743,2.913165,3.2741692,2.9488795,3.277137
1096,1584,2.5415542,2.8931005,2.823085,2.9052055,2.8703382
509,2231,4.90619,3.2450519,3.3595684,3.2541294,3.2669375
1248,2737,3.345028,2.837201,2.7899263,2.826217,2.7282426
881,1431,3.082672,3.7150226,3.5265934,3.714773,3.7883883
1026,2555,4.1036325,3.1582828,3.1931658,3.1034591,3.1393645
1812,3302,5.650453,4.1296134,4.1166334,4.0679083,4.0279183
1643,2644,2.0011227,1.7804962,1.8391986,1.8024309,1.769064
2624,3054,7.741289,5.4069943,5.410757,5.1238184,5.751584
2114,1656,2.2077305,1.7943187,2.043522,1.8125107,1.8733361
2160,1476,2.6047442,2.4686124,2.4936767,2.4099536,2.4485474
1286,372,2.4033902,2.8124862,2.9401538,2.763839,2.815383
1992,2730,1.8170086,1.5582997,1.5124938,1.5587778,1.5388638
2124,2053,2.9562318,2.0159254,2.0047913,2.0133631,2.0303543
614,1988,4.93418,4.066136,4.2371783,4.1842337,4.235377
1069,1551,2.575972,2.9053168,2.7960005,2.9345934,2.831812
2139,962,1.7807188,2.2953618,2.3216276,2.314489,2.291876
2350,1100,5.1904716,4.287029,4.4423947,4.286877,4.497817
1476,276,2.5790064,2.7656674,2.7644088,2.727432,2.7635074
1728,1278,2.0087044,1.922554,1.9111422,1.9244419,1.9010077
1639,1865,2.6634953,2.459461,2.486342,2.4170208,2.483362
1357,1898,2.8356397,2.8068562,2.9609506,2.907036,3.0109944
1339,3448,8.6325865,6.0013046,6.478091,5.7429724,6.185037
2325,526,3.8958263,3.4036686,3.448106,3.3805668,3.5162308
1827,2676,1.881472,1.7393125,1.803317,1.7034855,1.7412912
1947,2537,2.5552173,1.7672027,1.8554595,1.7585502,1.8160833
1108,648,3.4142735,2.9968917,3.0002646,2.990576,2.9594238
714,1876,3.8414195,3.6024988,3.59882,3.5456393,3.6194134
2186,1533,3.626065,3.0464225,3.1462226,3.0272548,3.1077888
868,2106,3.130541,3.2137547,3.199576,3.112313,3.2846396
1861,3396,6.5778985,4.119292,4.313569,3.9859555,3.975237
1156,711,3.2746067,2.9740646,2.9237502,2.9619126,2.9853961
1243,2624,2.4104583,2.33437,2.336725,2.3245192,2.2367027
676,3167,6.7535095,6.035293,6.043453,5.9302535,6.0676303
1639,3593,8.208407,7.0655694,7.2114005,7.137773,7.1145616
1611,2303,1.6761237,1.8309057,1.8186418,1.8224449,1.8032169
1467,804,2.3202393,2.369053,2.1718721,2.1554785,2.182804
2413,3582,12.380775,10.273414,10.022613,10.424003,9.988311
1823,1474,2.6172554,2.1065936,1.8110291,1.7990383,1.7752993
2185,2323,1.8915358,1.5081038,1.4391502,1.4115977,1.4654375
2019,331,4.1171308,4.101147,4.025247,3.9636202,4.1080513
1051,1462,2.6857817,3.0332875,2.7725632,3.0231917,2.8875299
2337,863,5.464271,5.1707497,5.2630224,4.994938,5.874551
1151,2277,2.5842113,2.728067,2.8253026,2.7176027,2.9267616
2037,1480,1.4235538,1.5597031,1.5655109,1.5359932,1.5479771
1678,2755,2.1770406,2.183334,2.1765525,2.0963926,2.1756616
1230,479,3.913955,3.0140257,3.015,3.0622814,3.094155
1435,1663,2.5980318,3.0542183,2.225343,2.5865753,2.1659658
2477,3491,8.368399,7.081946,8.474982,7.5495315,6.9474607
1087,2181,2.7567465,2.922831,3.101691,2.7937644,3.102618
1541,955,3.51846,2.177939,2.137049,2.0689442,2.1247127
1262,2451,3.298159,2.811908,2.8078275,2.798334,2.7867866
1741,807,1.8214849,2.3218021,2.2023518,2.1896465,2.2008967
2488,3666,10.557899,8.588182,8.688682,8.321222,8.020125
933,3109,8.509839,6.461247,6.484543,6.48402,6.411526
228,2910,7.8634973,6.9369655,7.4181986,7.4782043,7.500977
1550,3953,10.501988,9.5434675,10.053474,10.177471,10.250705
1663,3002,3.0705674,2.7952104,2.931126,2.9905798,2.881238
535,1794,4.7272277,3.9690077,4.000299,4.004856,3.9438176
3185,3517,10.5624,7.7628307,7.852442,7.744724,7.619472
1728,1755,2.2518594,2.2162807,2.3037822,2.16178,2.3798177
1116,1259,2.6930714,2.6393282,2.6601992,2.6486514,2.689693
437,1309,7.2479577,4.039986,4.0382185,4.6833,3.9764988
1979,2105,1.7699724,1.7788357,1.6863488,1.6586628,1.72233
2642,2992,7.3709316,5.555174,5.7329836,5.2876873,5.7052217
2244,3544,8.578399,8.5044565,8.998017,9.095685,8.460757
1982,2649,2.3305938,1.6486564,1.6694559,1.6358639,1.6391097
1658,226,2.6160195,2.3366675,2.4256723,2.3194888,2.4660928
1706,1717,2.3707907,2.318526,2.2886903,2.2844338,2.3269687
955,2233,2.6653306,2.8375208,2.8704226,2.8102171,2.8063364
1800,2608,2.29198,1.8971144,1.9263179,1.8285129,1.8802906
1530,3095,5.3201365,2.5692294,2.6148329,2.4367092,2.6392906
1047,3354,6.880039,5.1083117,4.9603224,5.0032835,5.042535
1994,1181,1.431335,1.9509448,1.9931378,1.9504054,2.011344
2444,449,7.3817697,6.5921984,6.5726666,6.4294987,6.4462237
1585,1664,3.1509418,2.6751184,2.9314866,2.548292,2.7959511
1655,2135,2.9440544,2.2241106,2.2902265,2.092141,2.2696152
1685,2927,2.5892956,2.5163343,2.5112119,2.4587572,2.5005639
2111,451,3.9833596,3.5472102,3.6069973,3.3785548,3.7461026
671,1142,4.3853292,3.4081647,3.4148448,3.3809106,3.3800473
1935,2108,1.8272477,1.7979541,1.7000324,1.6929264,1.9056726
2096,2559,3.053086,2.8907495,2.8482914,2.7872734,2.7767923
1215,3547,7.9470215,5.084306,5.2395597,5.1121507,5.0979943
425,1747,7.747595,6.379746,6.4044194,6.3349323,6.273844
988,2519,4.169235,3.0307102,3.1520615,3.0064332,3.0599735
2555,3079,6.5720963,4.2952523,4.431498,4.3056874,4.543843
1109,519,2.5667422,3.0056713,3.024177,2.9867942,3.0351741
1352,1806,2.6317477,2.3918943,2.4345877,2.195014,2.3733053
2201,1251,1.907383,2.3616583,2.3593419,2.2491317,2.3511527
1242,1548,2.5984685,2.1896856,2.2801735,2.1606843,2.183591
2538,2645,7.560474,5.4140844,5.8832183,5.4476542,5.4124913
1599,2829,2.5693128,2.5285056,2.4891078,2.4473433,2.5654728
1902,3805,7.7439017,7.765506,7.1478577,7.32761,7.563671
1211,2699,3.5077565,2.5620508,2.8303108,2.5850656,2.7402556
1772,2493,1.4789419,1.4495806,1.4747711,1.464086,1.890306
905,2555,4.3343444,3.316798,3.6915832,3.1224983,3.6713057
2404,3646,13.422921,8.692496,8.173289,8.813107,8.822795
2556,2600,5.2673697,4.844833,4.9209156,4.8874288,4.885296
1007,767,2.9257486,2.9057224,2.9569757,2.686452,2.7266989
785,1191,4.511835,3.591783,3.5864334,3.6069136,3.5827556
944,1550,2.825654,2.9765663,3.000895,3.0028431,2.994747
2280,3296,6.920998,4.888655,4.4699078,4.7738104,5.3033853
1618,1321,2.254693,2.1821563,2.134748,2.101914,2.12867
398,1992,5.5645432,4.9145947,4.2859893,4.1581445,4.2045407
1104,2831,4.6223702,3.0296743,3.0371828,2.917344,3.0669575
779,3098,5.7718253,5.1540217,5.2694197,5.1984863,4.8584146
725,1846,4.31663,3.6691983,3.700971,3.6429312,3.6685853
1642,3723,7.5877934,7.0008388,6.9507236,6.981728,6.8399415
396,2233,5.874001,4.169509,4.1107993,4.0778823,4.156976
1177,2041,3.1098366,2.584741,2.9712298,2.4689682,2.9684646
1568,1351,2.3817422,2.2293587,2.2204292,2.1870086,2.186517
787,2278,4.7917542,3.59127,3.2134178,3.236468,3.557462
1482,1146,2.5549943,2.0781198,2.0137134,1.8343916,2.002652
2137,1094,1.3068115,2.2127533,2.2159216,2.153107,2.214361
1375,1701,2.7206795,2.2128994,2.2828257,2.1552105,2.2296283
238,2964,8.48632,6.6850553,6.7601542,6.758331,6.7082376
2406,2290,6.3489842,5.1168714,5.1687164,5.076956,5.047762
1995,1272,1.4866873,1.8907728,1.8565996,1.8855162,1.9314879
1291,429,2.588589,2.886663,2.7395756,2.89288,2.7487404
2049,1077,1.2670956,2.1836946,2.1851754,2.1937203,2.1809025
918,1332,3.0074475,3.2785401,3.305674,3.3753572,3.384545
2003,2900,2.7247593,1.7162629,1.7070984,1.7148871,1.7520523
2091,669,2.6796176,2.404413,2.4657307,2.370662,2.4237423
749,1337,3.4996881,3.6859205,3.7788167,3.561988,3.6721225
1469,1298,2.4543192,2.130926,2.1269155,1.9728129,2.1384742
1089,2793,4.8086014,2.9819896,2.9385052,2.9764824,2.9361513
1519,717,2.738842,2.5644286,2.303578,2.5681722,2.5631845
2005,2968,2.948925,2.4041758,2.490255,2.367463,2.4097576
1642,112,3.124687,2.6179628,2.581853,2.6241002,2.6585221
2009,3244,4.621329,2.7473495,2.7537146,3.528721,3.5060666
1995,3241,5.979613,2.7170706,2.7256134,2.6059377,2.6015277
1494,3214,4.9575124,4.7156053,4.692111,4.5591173,4.703392
1874,1186,1.7240301,2.1090274,2.0650544,2.121343,2.0700445
817,1843,2.9720347,3.6002243,3.6048841,3.6531441,3.6425126
2005,752,2.5861757,2.432561,2.4422593,2.3973324,2.2494717
1467,294,2.1104863,2.7219605,2.6683166,2.6602614,2.7092695
1212,1604,1.9195553,2.1774786,2.3350966,2.0466115,2.3469203
610,1280,5.067987,5.2481008,5.1894403,5.3667965,5.5670524
682,2226,4.380071,4.484244,4.399762,4.3930473,4.3201895
820,2654,5.8132176,3.7373962,3.8484454,3.732118,3.8566527
2070,2637,2.21643,1.6696818,1.663591,1.7335687,1.6495469
1740,147,3.6997826,3.255629,3.3051648,3.2617002,3.4833648
747,1671,3.5516903,3.6587214,3.6959276,3.6531177,3.7185347
2682,3639,13.304954,10.818602,10.24173,10.260315,10.743209
1572,2354,1.6094313,1.7943347,1.799288,1.7234452,1.8487153
1817,3829,8.482242,8.359843,7.697062,7.8872604,7.7872663
2386,3359,6.8957214,5.104096,5.178898,5.113702,4.934575
511,1979,5.3626504,4.4858036,4.8998528,4.472544,4.6533475
1490,2510,1.7114226,1.6584871,1.6514249,1.594888,1.7037183
1876,398,2.870928,2.582072,2.5855606,2.5689452,2.5919743
1438,3129,5.8188415,2.9120715,2.984458,2.9215062,3.01745
870,1750,3.1155694,3.5345716,3.542768,3.5746584,3.5703895
697,1959,3.9588995,3.5355043,3.807992,3.571951,3.6525297
1929,3834,8.319716,9.423254,9.138936,9.681582,9.352594
2011,612,2.5386925,2.2729192,2.2803125,2.2570324,2.2466261
2025,1098,1.3540583,2.1484382,2.1233537,2.1577175,2.1387177
2175,3841,17.000748,11.246364,11.367806,11.399705,11.33337
2620,3420,9.75135,9.361717,8.946658,9.347643,9.494466
1474,1606,2.925539,2.6048386,2.5860667,2.5468729,2.6016743
786,1104,3.9491189,3.191116,3.198406,3.425135,3.1938028
1476,635,2.9538586,2.4889724,2.429807,2.4524422,2.4040606
1407,1896,2.9436262,2.662883,2.9299185,2.6934872,2.8000011
2086,3474,10.188683,5.620448,5.774973,5.7483993,5.4829693
857,2054,3.0307007,3.1515725,3.208055,3.23898,3.3203595
1822,531,2.426345,2.218427,2.25281,2.311369,2.2528615
1716,3240,3.8073227,3.620733,3.5128837,3.515838,3.5742683
2754,3535,14.238129,11.576789,11.688698,11.668046,11.605285
1511,3779,7.196322,7.743552,7.722257,7.570895,7.5558753
2425,2961,4.157527,3.085966,3.0884175,3.0109296,3.0388114
1548,1136,2.4611704,2.0994973,2.0829623,2.08529,2.1197693
1933,2623,2.098751,1.6606913,1.63822,1.6108762,1.6496403
1089,2206,2.8095562,3.0420294,3.1082482,3.0202262,2.9570782
1815,727,1.8668141,2.1904526,2.2279243,2.2434602,2.238351
701,2380,3.8941212,3.4933486,3.50746,3.3658078,3.4488356
892,2298,4.376141,3.0280154,3.0445716,3.0185006,3.038761
1854,372,2.64873,2.740928,2.6607614,2.6838748,2.660746
796,1783,3.1226957,3.4724474,3.617017,3.5144808,3.491133
1205,3311,5.5147758,4.229018,4.1983633,4.153777,4.2282248
1820,1151,1.8314428,2.1096368,2.111005,2.133022,2.1542616
1181,2550,3.8420308,2.6241322,2.60355,2.5120509,2.6966429
2172,2712,1.9713427,1.9321933,1.8696513,1.9907136,1.9128872
1283,2193,2.9433606,2.738606,2.882382,2.6159663,2.7414727
924,1335,2.9697697,3.2087822,3.2958117,3.360753,3.3099394
2618,3338,7.823316,7.1666036,7.437508,7.2386327,7.1350117
1346,545,3.4058855,2.5945718,2.8777158,2.5695312,2.5997498
709,2144,4.2669187,3.9098234,3.7965794,4.120408,3.8058517
1791,2077,1.9462289,1.904197,1.7901942,1.7482595,1.7820246
2085,1388,1.5503672,1.6941075,1.7246453,1.6877999,1.7004732
2215,2704,2.2038276,2.2643838,2.2423415,2.2432616,2.3664038
1060,3296,6.3610344,4.387019,4.292836,4.2651467,4.2630525
815,2632,6.1653137,3.643285,3.8757863,3.7335508,4.0516024
948,1765,2.9780805,3.1486,3.245627,3.282608,3.4868176
1226,830,2.5625381,2.7685761,2.7461379,2.7841892,2.7887719
1272,2057,3.7624218,2.7761211,3.1233468,2.873244,2.946147
2097,1218,1.404174,2.0422618,2.0628362,2.0736966,2.050059
2582,2401,7.594789,7.5691667,7.380172,7.340931,7.269445
1238,2014,4.070043,2.884165,3.2351904,3.1206145,3.1004703
1563,3685,9.138751,7.8288107,7.6529737,7.575872,7.775717
1436,3123,5.579601,3.08457,3.0328853,2.7521338,3.0421555
1923,3691,9.177632,7.6427436,7.55556,7.594678,7.5445876
1518,3965,10.333756,10.392253,10.1930895,10.354574,10.232457
938,3015,5.2750154,4.1840396,4.157545,4.098286,4.214173
2095,274,5.608799,5.4347444,5.3186274,5.259252,5.6303034
3120,3361,12.383294,9.889147,9.827504,9.086142,9.643358
1118,2399,2.6274602,2.2589135,2.3428884,2.283797,2.5433333
1743,3211,4.121427,3.5266159,3.6351643,3.4893959,3.6264145
1087,336,3.621789,2.9738326,2.5684278,3.0062904,3.0580888
1183,1900,3.01229,2.865203,3.1010818,2.6638017,3.0007727
1667,3568,7.2863297,6.2774324,6.447264,6.329414,6.337069
460,2239,3.8866603,3.3407958,3.382788,3.3365026,3.3849928
1427,1707,2.3131828,2.461923,2.207292,2.4822032,2.5394204
879,1014,3.109997,2.9849813,2.9774072,3.097505,3.0181391
998,2914,4.070848,3.1889012,3.7221942,3.1758745,3.665326
1878,2577,2.284324,1.7688831,1.8383036,1.7525535,1.7797811
677,1672,3.6173446,3.7333086,3.4667957,4.021153,4.0000253
1462,2139,2.2809775,2.2289152,2.3597004,2.2178843,2.187113
2448,2280,7.3979316,6.2209926,6.2203426,5.6192403,6.087704
1971,3830,12.821991,9.680804,9.662907,9.807166,9.5026865
1507,347,2.8847086,2.6658783,2.664076,2.6130745,2.683558
1616,1337,2.202762,2.2175863,2.1897242,2.116863,2.161186
1425,2368,2.4596891,1.9083529,1.8547302,1.8481172,2.0499685
2344,3677,13.957451,8.528911,8.678157,8.663066,8.704271
1713,226,2.8713148,2.4916875,2.5171812,2.4812,2.5946822
922,1144,2.8119814,3.0728567,3.0271554,3.0635104,3.1295896
1463,3551,6.1525207,7.558907,7.444336,7.5594893,7.076051
2723,3553,16.330187,12.759903,13.197797,12.441393,12.534618
1905,2113,1.9372219,1.9308187,1.8887612,1.8764653,1.9573891
2611,2888,6.867489,4.417595,4.4447613,4.1796613,4.7071724
1541,2719,2.1818712,2.3745227,2.3967636,2.3372731,2.6166372
1701,1241,2.175114,1.982257,1.9761622,1.9940835,1.9091978
1612,2087,3.1179836,2.249546,2.3428767,1.9694407,2.3336263
836,2221,4.82217,3.0748823,3.080596,3.0403686,3.1081383
1772,2081,2.0482833,1.9322197,1.9027148,1.7635695,1.9013883
2115,540,3.6414452,2.9980109,3.0407126,2.9692705,3.0167081
1580,3475,6.0093293,6.6268096,6.6484866,6.477583,6.6284823
1511,3316,6.440992,4.7660327,4.9380326,4.6797233,4.6555157
917,1676,2.9949524,3.3729627,3.4072983,3.5236535,3.4610155
1081,399,2.8472188,3.0387886,2.9256363,2.9515405,2.9803064
2025,1437,1.3896017,1.5175608,1.5765183,1.5077522,1.5224165
1803,1245,1.8593359,1.9716501,1.9261166,1.9331337,1.9875801
2203,3449,10.207393,6.710045,7.058515,6.9588075,6.7890997
1879,455,2.9226654,2.3823326,2.4395988,2.3097131,2.4505994
711,1452,3.8117464,3.8092382,3.7716885,3.757953,3.833099
1503,2873,2.7785244,2.432092,2.5919502,2.5278342,2.5166569
1490,2632,2.3875048,2.0146315,2.0462675,1.9685904,2.2845008
744,2489,4.406271,4.3369875,4.438221,4.328962,4.42222
688,1697,4.6058254,3.635175,3.8578439,3.8127878,3.6915123
770,1102,4.028033,3.5732021,3.5504205,3.5769274,3.591484
228,2095,6.3239856,4.7266917,4.819632,4.765437,4.8243217
1661,559,1.82663,2.3053777,2.1585243,2.223977,2.3204303
2058,2467,1.7517862,1.3515836,1.4428777,1.3680693,1.5611366
889,1981,3.0149152,3.1368797,3.1184604,3.1900218,3.1957192
2286,2961,3.6650193,2.6003592,2.9922202,2.5422697,2.4829094
1888,2140,2.30036,2.0629797,2.0843127,1.9988734,2.0205827
1389,1767,2.573239,2.2898564,2.352595,2.2218056,2.274235
